time,max_speed_quintile,HR
0,1,112
0,2,104
0,3,99
0,4,95
0,5,91
1,1,113
1,2,104
1,3,99
1,4,95
1,5,91
2,1,113
2,2,105
2,3,100
2,4,96
2,5,92
3,1,113
3,2,105
3,3,100
3,4,96
3,5,92
4,1,114
4,2,105
4,3,100
4,4,96
4,5,92
5,1,114
5,2,105
5,3,101
5,4,96
5,5,92
6,1,114
6,2,106
6,3,101
6,4,97
6,5,93
7,1,114
7,2,106
7,3,101
7,4,97
7,5,93
8,1,115
8,2,106
8,3,101
8,4,97
8,5,93
9,1,115
9,2,107
9,3,102
9,4,97
9,5,94
10,1,115
10,2,107
10,3,102
10,4,98
10,5,94
11,1,115
11,2,107
11,3,102
11,4,98
11,5,94
12,1,116
12,2,108
12,3,103
12,4,98
12,5,94
13,1,116
13,2,108
13,3,103
13,4,98
13,5,95
14,1,116
14,2,108
14,3,104
14,4,99
14,5,95
15,1,116
15,2,109
15,3,104
15,4,99
15,5,95
16,1,117
16,2,109
16,3,104
16,4,99
16,5,95
17,1,117
17,2,109
17,3,104
17,4,99
17,5,96
18,1,117
18,2,109
18,3,105
18,4,100
18,5,96
19,1,117
19,2,110
19,3,105
19,4,100
19,5,96
20,1,117
20,2,110
20,3,105
20,4,100
20,5,96
21,1,118
21,2,110
21,3,105
21,4,100
21,5,97
22,1,118
22,2,110
22,3,105
22,4,100
22,5,97
23,1,118
23,2,110
23,3,106
23,4,101
23,5,97
24,1,118
24,2,111
24,3,106
24,4,101
24,5,97
25,1,118
25,2,111
25,3,106
25,4,101
25,5,97
26,1,118
26,2,111
26,3,106
26,4,101
26,5,97
27,1,119
27,2,111
27,3,106
27,4,101
27,5,98
28,1,119
28,2,111
28,3,106
28,4,101
28,5,98
29,1,119
29,2,111
29,3,107
29,4,101
29,5,98
30,1,119
30,2,111
30,3,107
30,4,101
30,5,98
31,1,119
31,2,111
31,3,107
31,4,102
31,5,98
32,1,119
32,2,112
32,3,107
32,4,102
32,5,98
33,1,119
33,2,112
33,3,107
33,4,102
33,5,98
34,1,119
34,2,112
34,3,107
34,4,102
34,5,98
35,1,120
35,2,112
35,3,107
35,4,102
35,5,98
36,1,120
36,2,112
36,3,107
36,4,102
36,5,98
37,1,120
37,2,112
37,3,107
37,4,102
37,5,99
38,1,120
38,2,112
38,3,108
38,4,102
38,5,99
39,1,120
39,2,112
39,3,108
39,4,102
39,5,99
40,1,120
40,2,112
40,3,108
40,4,102
40,5,99
41,1,120
41,2,112
41,3,108
41,4,102
41,5,99
42,1,121
42,2,112
42,3,108
42,4,102
42,5,99
43,1,121
43,2,112
43,3,108
43,4,103
43,5,99
44,1,121
44,2,112
44,3,108
44,4,103
44,5,99
45,1,121
45,2,112
45,3,108
45,4,103
45,5,99
46,1,121
46,2,112
46,3,109
46,4,103
46,5,99
47,1,121
47,2,112
47,3,109
47,4,103
47,5,99
48,1,122
48,2,113
48,3,109
48,4,103
48,5,100
49,1,122
49,2,113
49,3,109
49,4,103
49,5,100
50,1,122
50,2,113
50,3,109
50,4,103
50,5,100
51,1,122
51,2,113
51,3,109
51,4,103
51,5,100
52,1,122
52,2,113
52,3,109
52,4,103
52,5,100
53,1,123
53,2,113
53,3,109
53,4,103
53,5,100
54,1,123
54,2,113
54,3,110
54,4,103
54,5,100
55,1,123
55,2,113
55,3,110
55,4,103
55,5,100
56,1,123
56,2,113
56,3,110
56,4,103
56,5,100
57,1,123
57,2,113
57,3,110
57,4,104
57,5,101
58,1,124
58,2,114
58,3,110
58,4,104
58,5,101
59,1,124
59,2,114
59,3,110
59,4,104
59,5,101
60,1,124
60,2,114
60,3,110
60,4,104
60,5,101
61,1,125
61,2,114
61,3,110
61,4,104
61,5,101
62,1,125
62,2,114
62,3,111
62,4,104
62,5,101
63,1,125
63,2,115
63,3,111
63,4,105
63,5,102
64,1,126
64,2,115
64,3,111
64,4,105
64,5,102
65,1,126
65,2,115
65,3,111
65,4,105
65,5,102
66,1,126
66,2,115
66,3,111
66,4,106
66,5,102
67,1,127
67,2,116
67,3,112
67,4,106
67,5,102
68,1,127
68,2,116
68,3,112
68,4,106
68,5,103
69,1,127
69,2,116
69,3,112
69,4,106
69,5,103
70,1,128
70,2,116
70,3,112
70,4,106
70,5,103
71,1,128
71,2,117
71,3,113
71,4,107
71,5,103
72,1,128
72,2,117
72,3,113
72,4,107
72,5,104
73,1,128
73,2,117
73,3,113
73,4,107
73,5,104
74,1,128
74,2,117
74,3,113
74,4,108
74,5,104
75,1,129
75,2,118
75,3,114
75,4,108
75,5,104
76,1,129
76,2,118
76,3,114
76,4,108
76,5,105
77,1,129
77,2,118
77,3,114
77,4,108
77,5,105
78,1,130
78,2,119
78,3,115
78,4,109
78,5,105
79,1,130
79,2,119
79,3,115
79,4,109
79,5,106
80,1,130
80,2,119
80,3,115
80,4,109
80,5,106
81,1,130
81,2,119
81,3,115
81,4,109
81,5,106
82,1,131
82,2,120
82,3,116
82,4,110
82,5,106
83,1,131
83,2,120
83,3,116
83,4,110
83,5,107
84,1,131
84,2,120
84,3,116
84,4,110
84,5,107
85,1,131
85,2,120
85,3,116
85,4,110
85,5,107
86,1,131
86,2,120
86,3,117
86,4,111
86,5,107
87,1,132
87,2,121
87,3,117
87,4,111
87,5,107
88,1,132
88,2,121
88,3,117
88,4,111
88,5,108
89,1,132
89,2,121
89,3,117
89,4,111
89,5,108
90,1,132
90,2,122
90,3,117
90,4,112
90,5,108
91,1,133
91,2,122
91,3,118
91,4,112
91,5,108
92,1,133
92,2,122
92,3,118
92,4,112
92,5,108
93,1,133
93,2,122
93,3,118
93,4,112
93,5,109
94,1,133
94,2,123
94,3,118
94,4,112
94,5,109
95,1,133
95,2,123
95,3,118
95,4,113
95,5,109
96,1,134
96,2,123
96,3,119
96,4,113
96,5,109
97,1,134
97,2,124
97,3,119
97,4,113
97,5,109
98,1,134
98,2,124
98,3,119
98,4,113
98,5,109
99,1,135
99,2,124
99,3,119
99,4,113
99,5,110
100,1,135
100,2,124
100,3,119
100,4,114
100,5,110
101,1,135
101,2,124
101,3,119
101,4,114
101,5,110
102,1,135
102,2,125
102,3,120
102,4,114
102,5,110
103,1,135
103,2,125
103,3,120
103,4,114
103,5,110
104,1,136
104,2,125
104,3,120
104,4,114
104,5,111
105,1,136
105,2,125
105,3,120
105,4,114
105,5,111
106,1,136
106,2,125
106,3,120
106,4,115
106,5,111
107,1,137
107,2,126
107,3,121
107,4,115
107,5,111
108,1,137
108,2,126
108,3,121
108,4,115
108,5,111
109,1,137
109,2,126
109,3,121
109,4,115
109,5,112
110,1,137
110,2,126
110,3,121
110,4,115
110,5,112
111,1,138
111,2,126
111,3,121
111,4,115
111,5,112
112,1,138
112,2,127
112,3,121
112,4,116
112,5,112
113,1,138
113,2,127
113,3,122
113,4,116
113,5,112
114,1,138
114,2,127
114,3,122
114,4,116
114,5,112
115,1,139
115,2,127
115,3,122
115,4,116
115,5,112
116,1,139
116,2,128
116,3,122
116,4,116
116,5,112
117,1,139
117,2,128
117,3,123
117,4,117
117,5,113
118,1,139
118,2,128
118,3,123
118,4,117
118,5,113
119,1,140
119,2,129
119,3,123
119,4,117
119,5,113
120,1,140
120,2,129
120,3,123
120,4,117
120,5,113
121,1,140
121,2,129
121,3,124
121,4,117
121,5,113
122,1,141
122,2,129
122,3,124
122,4,117
122,5,113
123,1,141
123,2,130
123,3,124
123,4,118
123,5,114
124,1,141
124,2,130
124,3,124
124,4,118
124,5,114
125,1,141
125,2,130
125,3,124
125,4,118
125,5,114
126,1,142
126,2,130
126,3,125
126,4,118
126,5,114
127,1,142
127,2,131
127,3,125
127,4,119
127,5,114
128,1,142
128,2,131
128,3,125
128,4,119
128,5,115
129,1,143
129,2,131
129,3,125
129,4,119
129,5,115
130,1,143
130,2,131
130,3,126
130,4,119
130,5,115
131,1,143
131,2,131
131,3,126
131,4,119
131,5,115
132,1,143
132,2,132
132,3,126
132,4,120
132,5,116
133,1,144
133,2,132
133,3,126
133,4,120
133,5,116
134,1,144
134,2,132
134,3,127
134,4,120
134,5,116
135,1,144
135,2,132
135,3,127
135,4,121
135,5,116
136,1,144
136,2,133
136,3,127
136,4,121
136,5,117
137,1,145
137,2,133
137,3,127
137,4,121
137,5,117
138,1,145
138,2,133
138,3,128
138,4,121
138,5,117
139,1,145
139,2,133
139,3,128
139,4,122
139,5,117
140,1,145
140,2,133
140,3,128
140,4,122
140,5,117
141,1,146
141,2,133
141,3,128
141,4,122
141,5,118
142,1,146
142,2,133
142,3,129
142,4,122
142,5,118
143,1,146
143,2,134
143,3,129
143,4,122
143,5,118
144,1,147
144,2,134
144,3,129
144,4,123
144,5,118
145,1,147
145,2,134
145,3,129
145,4,123
145,5,119
146,1,147
146,2,134
146,3,129
146,4,123
146,5,119
147,1,148
147,2,134
147,3,129
147,4,123
147,5,119
148,1,148
148,2,134
148,3,130
148,4,123
148,5,119
149,1,148
149,2,135
149,3,130
149,4,124
149,5,119
150,1,148
150,2,135
150,3,130
150,4,124
150,5,120
151,1,148
151,2,135
151,3,130
151,4,124
151,5,120
152,1,148
152,2,135
152,3,131
152,4,124
152,5,120
153,1,149
153,2,136
153,3,131
153,4,124
153,5,120
154,1,149
154,2,136
154,3,131
154,4,124
154,5,120
155,1,149
155,2,136
155,3,131
155,4,124
155,5,120
156,1,149
156,2,136
156,3,132
156,4,125
156,5,120
157,1,149
157,2,136
157,3,132
157,4,125
157,5,120
158,1,149
158,2,136
158,3,132
158,4,125
158,5,121
159,1,149
159,2,136
159,3,132
159,4,125
159,5,121
160,1,150
160,2,137
160,3,132
160,4,125
160,5,121
161,1,150
161,2,137
161,3,133
161,4,125
161,5,121
162,1,150
162,2,137
162,3,133
162,4,126
162,5,121
163,1,150
163,2,137
163,3,133
163,4,126
163,5,121
164,1,150
164,2,137
164,3,133
164,4,126
164,5,122
165,1,150
165,2,138
165,3,133
165,4,126
165,5,122
166,1,150
166,2,138
166,3,133
166,4,126
166,5,122
167,1,151
167,2,138
167,3,134
167,4,126
167,5,122
168,1,151
168,2,138
168,3,134
168,4,127
168,5,122
169,1,151
169,2,138
169,3,134
169,4,127
169,5,122
170,1,151
170,2,139
170,3,134
170,4,127
170,5,122
171,1,151
171,2,139
171,3,134
171,4,127
171,5,122
172,1,152
172,2,139
172,3,134
172,4,127
172,5,123
173,1,152
173,2,139
173,3,134
173,4,127
173,5,123
174,1,152
174,2,139
174,3,134
174,4,127
174,5,123
175,1,152
175,2,139
175,3,135
175,4,127
175,5,123
176,1,152
176,2,139
176,3,135
176,4,127
176,5,123
177,1,152
177,2,140
177,3,135
177,4,127
177,5,123
178,1,153
178,2,140
178,3,135
178,4,128
178,5,123
179,1,153
179,2,140
179,3,135
179,4,128
179,5,123
180,1,153
180,2,140
180,3,135
180,4,128
180,5,123
181,1,153
181,2,140
181,3,135
181,4,128
181,5,124
182,1,153
182,2,140
182,3,136
182,4,128
182,5,124
183,1,154
183,2,140
183,3,136
183,4,128
183,5,124
184,1,154
184,2,141
184,3,136
184,4,129
184,5,124
185,1,154
185,2,141
185,3,136
185,4,129
185,5,124
186,1,154
186,2,141
186,3,136
186,4,129
186,5,124
187,1,154
187,2,141
187,3,136
187,4,129
187,5,124
188,1,154
188,2,141
188,3,136
188,4,129
188,5,125
189,1,154
189,2,142
189,3,137
189,4,129
189,5,125
190,1,154
190,2,142
190,3,137
190,4,130
190,5,125
191,1,155
191,2,142
191,3,137
191,4,130
191,5,125
192,1,155
192,2,142
192,3,137
192,4,130
192,5,125
193,1,155
193,2,142
193,3,137
193,4,130
193,5,125
194,1,155
194,2,142
194,3,137
194,4,130
194,5,125
195,1,155
195,2,142
195,3,138
195,4,130
195,5,126
196,1,155
196,2,143
196,3,138
196,4,131
196,5,126
197,1,155
197,2,143
197,3,138
197,4,131
197,5,126
198,1,155
198,2,143
198,3,138
198,4,131
198,5,126
199,1,156
199,2,143
199,3,138
199,4,131
199,5,126
200,1,156
200,2,143
200,3,139
200,4,131
200,5,126
201,1,156
201,2,143
201,3,139
201,4,131
201,5,126
202,1,156
202,2,144
202,3,139
202,4,132
202,5,126
203,1,157
203,2,144
203,3,139
203,4,132
203,5,127
204,1,157
204,2,144
204,3,139
204,4,132
204,5,127
205,1,157
205,2,144
205,3,140
205,4,132
205,5,127
206,1,157
206,2,144
206,3,140
206,4,132
206,5,127
207,1,157
207,2,145
207,3,140
207,4,132
207,5,127
208,1,158
208,2,145
208,3,140
208,4,132
208,5,127
209,1,158
209,2,145
209,3,140
209,4,132
209,5,127
210,1,158
210,2,145
210,3,140
210,4,132
210,5,127
211,1,158
211,2,145
211,3,141
211,4,132
211,5,128
212,1,158
212,2,145
212,3,141
212,4,132
212,5,128
213,1,158
213,2,145
213,3,141
213,4,132
213,5,128
214,1,158
214,2,146
214,3,141
214,4,133
214,5,128
215,1,158
215,2,146
215,3,141
215,4,133
215,5,128
216,1,158
216,2,146
216,3,141
216,4,133
216,5,128
217,1,159
217,2,146
217,3,141
217,4,133
217,5,128
218,1,159
218,2,146
218,3,141
218,4,133
218,5,129
219,1,159
219,2,146
219,3,142
219,4,133
219,5,129
220,1,159
220,2,146
220,3,142
220,4,134
220,5,129
221,1,159
221,2,146
221,3,142
221,4,134
221,5,129
222,1,159
222,2,146
222,3,142
222,4,134
222,5,129
223,1,159
223,2,146
223,3,142
223,4,134
223,5,129
224,1,160
224,2,146
224,3,142
224,4,134
224,5,129
225,1,160
225,2,147
225,3,142
225,4,134
225,5,130
226,1,160
226,2,147
226,3,142
226,4,135
226,5,130
227,1,160
227,2,147
227,3,142
227,4,135
227,5,130
228,1,160
228,2,147
228,3,143
228,4,135
228,5,130
229,1,160
229,2,147
229,3,143
229,4,135
229,5,130
230,1,161
230,2,147
230,3,143
230,4,135
230,5,130
231,1,161
231,2,147
231,3,143
231,4,135
231,5,130
232,1,161
232,2,147
232,3,143
232,4,135
232,5,130
233,1,161
233,2,148
233,3,143
233,4,135
233,5,130
234,1,161
234,2,148
234,3,143
234,4,135
234,5,131
235,1,161
235,2,148
235,3,143
235,4,135
235,5,131
236,1,162
236,2,148
236,3,143
236,4,136
236,5,131
237,1,162
237,2,148
237,3,143
237,4,136
237,5,131
238,1,162
238,2,148
238,3,144
238,4,136
238,5,131
239,1,162
239,2,148
239,3,144
239,4,136
239,5,131
240,1,162
240,2,149
240,3,144
240,4,136
240,5,131
241,1,162
241,2,149
241,3,144
241,4,136
241,5,131
242,1,163
242,2,149
242,3,144
242,4,136
242,5,131
243,1,163
243,2,149
243,3,144
243,4,137
243,5,131
244,1,163
244,2,149
244,3,144
244,4,137
244,5,132
245,1,163
245,2,150
245,3,144
245,4,137
245,5,132
246,1,163
246,2,150
246,3,144
246,4,137
246,5,132
247,1,163
247,2,150
247,3,144
247,4,137
247,5,132
248,1,163
248,2,150
248,3,145
248,4,137
248,5,132
249,1,163
249,2,150
249,3,145
249,4,137
249,5,132
250,1,163
250,2,150
250,3,145
250,4,138
250,5,132
251,1,164
251,2,150
251,3,145
251,4,138
251,5,132
252,1,164
252,2,151
252,3,145
252,4,138
252,5,132
253,1,164
253,2,151
253,3,145
253,4,138
253,5,133
254,1,164
254,2,151
254,3,146
254,4,138
254,5,133
255,1,164
255,2,151
255,3,146
255,4,138
255,5,133
256,1,164
256,2,151
256,3,146
256,4,139
256,5,133
257,1,164
257,2,151
257,3,146
257,4,139
257,5,133
258,1,164
258,2,151
258,3,146
258,4,139
258,5,133
259,1,164
259,2,151
259,3,146
259,4,139
259,5,133
260,1,164
260,2,151
260,3,147
260,4,139
260,5,134
261,1,164
261,2,152
261,3,147
261,4,139
261,5,134
262,1,164
262,2,152
262,3,147
262,4,140
262,5,134
263,1,164
263,2,152
263,3,147
263,4,140
263,5,134
264,1,165
264,2,152
264,3,147
264,4,140
264,5,134
265,1,165
265,2,152
265,3,147
265,4,140
265,5,134
266,1,165
266,2,152
266,3,147
266,4,140
266,5,134
267,1,165
267,2,152
267,3,147
267,4,140
267,5,135
268,1,165
268,2,153
268,3,147
268,4,140
268,5,135
269,1,165
269,2,153
269,3,148
269,4,141
269,5,135
270,1,165
270,2,153
270,3,148
270,4,141
270,5,135
271,1,166
271,2,153
271,3,148
271,4,141
271,5,135
272,1,166
272,2,153
272,3,148
272,4,141
272,5,135
273,1,166
273,2,154
273,3,148
273,4,141
273,5,135
274,1,166
274,2,153
274,3,148
274,4,141
274,5,136
275,1,166
275,2,154
275,3,148
275,4,141
275,5,136
276,1,166
276,2,154
276,3,149
276,4,141
276,5,136
277,1,166
277,2,154
277,3,149
277,4,141
277,5,136
278,1,166
278,2,154
278,3,149
278,4,141
278,5,136
279,1,166
279,2,154
279,3,149
279,4,142
279,5,136
280,1,166
280,2,154
280,3,149
280,4,142
280,5,136
281,1,166
281,2,154
281,3,150
281,4,142
281,5,136
282,1,167
282,2,154
282,3,150
282,4,142
282,5,136
283,1,167
283,2,155
283,3,150
283,4,142
283,5,137
284,1,167
284,2,155
284,3,150
284,4,142
284,5,137
285,1,167
285,2,155
285,3,150
285,4,142
285,5,137
286,1,167
286,2,155
286,3,150
286,4,142
286,5,137
287,1,167
287,2,155
287,3,150
287,4,142
287,5,137
288,1,167
288,2,155
288,3,150
288,4,142
288,5,137
289,1,167
289,2,155
289,3,151
289,4,143
289,5,137
290,1,168
290,2,155
290,3,151
290,4,143
290,5,137
291,1,168
291,2,156
291,3,151
291,4,143
291,5,137
292,1,168
292,2,156
292,3,151
292,4,143
292,5,137
293,1,168
293,2,156
293,3,151
293,4,143
293,5,137
294,1,168
294,2,156
294,3,151
294,4,143
294,5,137
295,1,168
295,2,156
295,3,151
295,4,143
295,5,137
296,1,168
296,2,156
296,3,151
296,4,143
296,5,138
297,1,168
297,2,156
297,3,151
297,4,143
297,5,138
298,1,168
298,2,156
298,3,151
298,4,144
298,5,138
299,1,168
299,2,156
299,3,152
299,4,144
299,5,138
300,1,168
300,2,156
300,3,152
300,4,144
300,5,138
301,1,168
301,2,156
301,3,152
301,4,144
301,5,138
302,1,168
302,2,156
302,3,152
302,4,144
302,5,138
303,1,168
303,2,156
303,3,152
303,4,144
303,5,138
304,1,168
304,2,156
304,3,152
304,4,144
304,5,139
305,1,169
305,2,157
305,3,152
305,4,145
305,5,139
306,1,169
306,2,157
306,3,152
306,4,145
306,5,139
307,1,169
307,2,157
307,3,152
307,4,145
307,5,139
308,1,169
308,2,157
308,3,152
308,4,145
308,5,139
309,1,170
309,2,157
309,3,152
309,4,145
309,5,139
310,1,170
310,2,158
310,3,153
310,4,145
310,5,139
311,1,170
311,2,158
311,3,153
311,4,145
311,5,140
312,1,170
312,2,158
312,3,153
312,4,145
312,5,140
313,1,170
313,2,158
313,3,153
313,4,146
313,5,140
314,1,170
314,2,158
314,3,153
314,4,146
314,5,140
315,1,170
315,2,158
315,3,154
315,4,146
315,5,140
316,1,170
316,2,158
316,3,154
316,4,146
316,5,140
317,1,171
317,2,159
317,3,154
317,4,146
317,5,140
318,1,171
318,2,159
318,3,154
318,4,146
318,5,141
319,1,171
319,2,159
319,3,154
319,4,146
319,5,141
320,1,171
320,2,159
320,3,154
320,4,147
320,5,141
321,1,171
321,2,159
321,3,154
321,4,147
321,5,141
322,1,171
322,2,159
322,3,155
322,4,147
322,5,141
323,1,171
323,2,159
323,3,155
323,4,147
323,5,141
324,1,171
324,2,160
324,3,155
324,4,147
324,5,141
325,1,171
325,2,160
325,3,155
325,4,147
325,5,141
326,1,171
326,2,160
326,3,155
326,4,147
326,5,142
327,1,171
327,2,160
327,3,155
327,4,148
327,5,142
328,1,172
328,2,160
328,3,155
328,4,148
328,5,142
329,1,172
329,2,160
329,3,156
329,4,148
329,5,142
330,1,172
330,2,161
330,3,156
330,4,148
330,5,142
331,1,172
331,2,161
331,3,156
331,4,148
331,5,142
332,1,172
332,2,161
332,3,156
332,4,148
332,5,142
333,1,172
333,2,161
333,3,156
333,4,149
333,5,143
334,1,172
334,2,161
334,3,156
334,4,149
334,5,143
335,1,172
335,2,161
335,3,156
335,4,149
335,5,143
336,1,172
336,2,161
336,3,156
336,4,149
336,5,143
337,1,172
337,2,161
337,3,156
337,4,149
337,5,143
338,1,172
338,2,162
338,3,157
338,4,149
338,5,143
339,1,172
339,2,162
339,3,157
339,4,149
339,5,143
340,1,173
340,2,162
340,3,157
340,4,149
340,5,143
341,1,173
341,2,162
341,3,157
341,4,149
341,5,143
342,1,173
342,2,162
342,3,157
342,4,149
342,5,143
343,1,173
343,2,162
343,3,157
343,4,149
343,5,143
344,1,173
344,2,162
344,3,157
344,4,150
344,5,144
345,1,173
345,2,163
345,3,157
345,4,150
345,5,144
346,1,173
346,2,163
346,3,157
346,4,150
346,5,144
347,1,173
347,2,163
347,3,158
347,4,150
347,5,144
348,1,173
348,2,163
348,3,158
348,4,150
348,5,144
349,1,173
349,2,163
349,3,158
349,4,150
349,5,144
350,1,173
350,2,163
350,3,158
350,4,150
350,5,144
351,1,173
351,2,163
351,3,158
351,4,151
351,5,144
352,1,173
352,2,163
352,3,158
352,4,151
352,5,145
353,1,173
353,2,163
353,3,158
353,4,151
353,5,145
354,1,173
354,2,163
354,3,159
354,4,151
354,5,145
355,1,174
355,2,164
355,3,159
355,4,151
355,5,145
356,1,174
356,2,164
356,3,159
356,4,151
356,5,145
357,1,174
357,2,164
357,3,159
357,4,151
357,5,145
358,1,174
358,2,164
358,3,159
358,4,151
358,5,145
359,1,174
359,2,164
359,3,159
359,4,152
359,5,145
360,1,174
360,2,164
360,3,159
360,4,152
360,5,145
361,1,174
361,2,164
361,3,159
361,4,152
361,5,145
362,1,174
362,2,164
362,3,159
362,4,152
362,5,145
363,1,174
363,2,164
363,3,159
363,4,152
363,5,145
364,1,175
364,2,164
364,3,159
364,4,152
364,5,145
365,1,175
365,2,164
365,3,159
365,4,152
365,5,145
366,1,174
366,2,165
366,3,159
366,4,152
366,5,146
367,1,174
367,2,165
367,3,160
367,4,152
367,5,146
368,1,174
368,2,165
368,3,160
368,4,152
368,5,146
369,1,174
369,2,165
369,3,160
369,4,153
369,5,146
370,1,174
370,2,165
370,3,160
370,4,153
370,5,146
371,1,174
371,2,165
371,3,160
371,4,153
371,5,146
372,1,174
372,2,165
372,3,160
372,4,153
372,5,146
373,1,175
373,2,165
373,3,160
373,4,153
373,5,146
374,1,174
374,2,165
374,3,160
374,4,154
374,5,147
375,1,174
375,2,166
375,3,161
375,4,154
375,5,147
376,1,175
376,2,166
376,3,161
376,4,154
376,5,147
377,1,175
377,2,166
377,3,161
377,4,154
377,5,147
378,1,175
378,2,166
378,3,161
378,4,154
378,5,147
379,1,175
379,2,166
379,3,161
379,4,154
379,5,147
380,1,175
380,2,167
380,3,161
380,4,154
380,5,148
381,1,175
381,2,167
381,3,162
381,4,154
381,5,148
382,1,175
382,2,167
382,3,162
382,4,154
382,5,148
383,1,176
383,2,167
383,3,162
383,4,155
383,5,148
384,1,176
384,2,167
384,3,162
384,4,155
384,5,148
385,1,177
385,2,167
385,3,162
385,4,155
385,5,148
386,1,177
386,2,167
386,3,162
386,4,155
386,5,148
387,1,176
387,2,167
387,3,162
387,4,155
387,5,149
388,1,176
388,2,167
388,3,162
388,4,155
388,5,149
389,1,177
389,2,167
389,3,162
389,4,155
389,5,149
390,1,177
390,2,167
390,3,162
390,4,155
390,5,149
391,1,177
391,2,167
391,3,163
391,4,155
391,5,149
392,1,177
392,2,167
392,3,163
392,4,155
392,5,149
393,1,177
393,2,167
393,3,163
393,4,156
393,5,149
394,1,177
394,2,167
394,3,163
394,4,156
394,5,149
395,1,177
395,2,167
395,3,163
395,4,156
395,5,150
396,1,177
396,2,167
396,3,163
396,4,156
396,5,150
397,1,177
397,2,167
397,3,163
397,4,156
397,5,150
398,1,177
398,2,168
398,3,163
398,4,156
398,5,150
399,1,177
399,2,168
399,3,163
399,4,156
399,5,150
400,1,177
400,2,168
400,3,163
400,4,156
400,5,150
401,1,177
401,2,168
401,3,163
401,4,156
401,5,150
402,1,177
402,2,168
402,3,164
402,4,156
402,5,150
403,1,177
403,2,168
403,3,164
403,4,157
403,5,151
404,1,177
404,2,168
404,3,164
404,4,157
404,5,151
405,1,177
405,2,168
405,3,164
405,4,157
405,5,151
406,1,177
406,2,168
406,3,164
406,4,157
406,5,151
407,1,177
407,2,168
407,3,164
407,4,157
407,5,151
408,1,177
408,2,168
408,3,164
408,4,157
408,5,151
409,1,177
409,2,168
409,3,164
409,4,157
409,5,151
410,1,178
410,2,169
410,3,164
410,4,157
410,5,151
411,1,178
411,2,169
411,3,164
411,4,157
411,5,152
412,1,178
412,2,169
412,3,165
412,4,158
412,5,152
413,1,178
413,2,169
413,3,165
413,4,158
413,5,152
414,1,178
414,2,169
414,3,165
414,4,158
414,5,152
415,1,178
415,2,169
415,3,165
415,4,158
415,5,152
416,1,178
416,2,169
416,3,165
416,4,158
416,5,152
417,1,178
417,2,169
417,3,165
417,4,159
417,5,152
418,1,178
418,2,169
418,3,165
418,4,159
418,5,152
419,1,178
419,2,170
419,3,165
419,4,159
419,5,152
420,1,178
420,2,170
420,3,166
420,4,159
420,5,152
421,1,178
421,2,170
421,3,166
421,4,159
421,5,152
422,1,178
422,2,170
422,3,166
422,4,159
422,5,152
423,1,179
423,2,170
423,3,166
423,4,159
423,5,152
424,1,179
424,2,170
424,3,166
424,4,159
424,5,152
425,1,179
425,2,170
425,3,166
425,4,159
425,5,153
426,1,179
426,2,171
426,3,166
426,4,159
426,5,153
427,1,178
427,2,171
427,3,166
427,4,159
427,5,153
428,1,179
428,2,171
428,3,166
428,4,159
428,5,153
429,1,178
429,2,171
429,3,166
429,4,160
429,5,153
430,1,178
430,2,171
430,3,166
430,4,160
430,5,153
431,1,178
431,2,171
431,3,166
431,4,160
431,5,153
432,1,178
432,2,171
432,3,166
432,4,160
432,5,153
433,1,178
433,2,171
433,3,167
433,4,160
433,5,153
434,1,179
434,2,171
434,3,167
434,4,160
434,5,154
435,1,179
435,2,172
435,3,167
435,4,160
435,5,154
436,1,180
436,2,172
436,3,167
436,4,161
436,5,154
437,1,179
437,2,172
437,3,167
437,4,161
437,5,154
438,1,179
438,2,172
438,3,167
438,4,161
438,5,154
439,1,180
439,2,172
439,3,167
439,4,161
439,5,154
440,1,180
440,2,172
440,3,168
440,4,161
440,5,155
441,1,180
441,2,172
441,3,168
441,4,161
441,5,155
442,1,180
442,2,172
442,3,168
442,4,161
442,5,155
443,1,180
443,2,172
443,3,168
443,4,161
443,5,155
444,1,180
444,2,172
444,3,168
444,4,162
444,5,155
445,1,180
445,2,172
445,3,168
445,4,162
445,5,155
446,1,180
446,2,172
446,3,168
446,4,162
446,5,155
447,1,180
447,2,172
447,3,168
447,4,162
447,5,155
448,1,180
448,2,172
448,3,168
448,4,162
448,5,155
449,1,180
449,2,172
449,3,168
449,4,162
449,5,155
450,1,180
450,2,173
450,3,168
450,4,162
450,5,156
451,1,180
451,2,173
451,3,169
451,4,162
451,5,156
452,1,180
452,2,173
452,3,169
452,4,162
452,5,156
453,1,180
453,2,173
453,3,169
453,4,163
453,5,156
454,1,180
454,2,173
454,3,169
454,4,163
454,5,156
455,1,180
455,2,174
455,3,169
455,4,163
455,5,156
456,1,180
456,2,174
456,3,169
456,4,163
456,5,156
457,1,180
457,2,174
457,3,169
457,4,163
457,5,156
458,1,180
458,2,174
458,3,169
458,4,163
458,5,156
459,1,180
459,2,174
459,3,169
459,4,163
459,5,156
460,1,180
460,2,174
460,3,169
460,4,163
460,5,156
461,1,180
461,2,174
461,3,169
461,4,163
461,5,156
462,1,180
462,2,174
462,3,170
462,4,163
462,5,157
463,1,180
463,2,174
463,3,170
463,4,163
463,5,157
464,1,180
464,2,174
464,3,170
464,4,164
464,5,157
465,1,180
465,2,174
465,3,170
465,4,164
465,5,157
466,1,180
466,2,174
466,3,170
466,4,164
466,5,157
467,1,180
467,2,174
467,3,170
467,4,164
467,5,157
468,1,180
468,2,174
468,3,170
468,4,164
468,5,158
469,1,180
469,2,174
469,3,170
469,4,164
469,5,158
470,1,180
470,2,174
470,3,170
470,4,164
470,5,158
471,1,180
471,2,174
471,3,170
471,4,164
471,5,158
472,1,181
472,2,175
472,3,170
472,4,164
472,5,158
473,1,181
473,2,175
473,3,170
473,4,164
473,5,158
474,1,182
474,2,175
474,3,170
474,4,164
474,5,158
475,1,181
475,2,175
475,3,171
475,4,164
475,5,158
476,1,181
476,2,175
476,3,171
476,4,164
476,5,158
477,1,181
477,2,175
477,3,171
477,4,164
477,5,158
478,1,181
478,2,175
478,3,171
478,4,165
478,5,158
479,1,181
479,2,175
479,3,171
479,4,165
479,5,158
480,1,181
480,2,175
480,3,171
480,4,165
480,5,159
481,1,181
481,2,175
481,3,171
481,4,165
481,5,159
482,1,181
482,2,175
482,3,171
482,4,165
482,5,159
483,1,181
483,2,175
483,3,171
483,4,165
483,5,159
484,1,181
484,2,175
484,3,171
484,4,165
484,5,159
485,1,182
485,2,175
485,3,171
485,4,165
485,5,159
486,1,182
486,2,175
486,3,171
486,4,166
486,5,159
487,1,182
487,2,175
487,3,171
487,4,166
487,5,159
488,1,181
488,2,175
488,3,172
488,4,166
488,5,159
489,1,181
489,2,175
489,3,172
489,4,166
489,5,159
490,1,181
490,2,175
490,3,172
490,4,166
490,5,159
491,1,181
491,2,175
491,3,172
491,4,166
491,5,159
492,1,181
492,2,175
492,3,172
492,4,166
492,5,160
493,1,181
493,2,175
493,3,172
493,4,166
493,5,160
494,1,181
494,2,176
494,3,172
494,4,166
494,5,160
495,1,181
495,2,176
495,3,172
495,4,166
495,5,160
496,1,181
496,2,176
496,3,172
496,4,166
496,5,160
497,1,181
497,2,176
497,3,172
497,4,167
497,5,160
498,1,181
498,2,176
498,3,173
498,4,167
498,5,160
499,1,180
499,2,177
499,3,173
499,4,167
499,5,160
500,1,181
500,2,177
500,3,173
500,4,167
500,5,161
501,1,181
501,2,177
501,3,173
501,4,167
501,5,161
502,1,181
502,2,177
502,3,173
502,4,167
502,5,161
503,1,181
503,2,177
503,3,173
503,4,167
503,5,161
504,1,180
504,2,177
504,3,173
504,4,168
504,5,161
505,1,181
505,2,177
505,3,173
505,4,168
505,5,161
506,1,181
506,2,177
506,3,173
506,4,168
506,5,161
507,1,181
507,2,178
507,3,173
507,4,168
507,5,161
508,1,181
508,2,178
508,3,173
508,4,168
508,5,162
509,1,181
509,2,178
509,3,173
509,4,168
509,5,162
510,1,182
510,2,178
510,3,173
510,4,168
510,5,162
511,1,182
511,2,178
511,3,173
511,4,168
511,5,162
512,1,182
512,2,178
512,3,173
512,4,168
512,5,162
513,1,183
513,2,178
513,3,173
513,4,168
513,5,162
514,1,182
514,2,178
514,3,173
514,4,168
514,5,162
515,1,182
515,2,178
515,3,174
515,4,168
515,5,162
516,1,182
516,2,178
516,3,174
516,4,168
516,5,162
517,1,182
517,2,178
517,3,174
517,4,168
517,5,162
518,1,182
518,2,178
518,3,174
518,4,168
518,5,162
519,1,182
519,2,178
519,3,174
519,4,169
519,5,162
520,1,182
520,2,178
520,3,174
520,4,169
520,5,162
521,1,181
521,2,178
521,3,174
521,4,169
521,5,162
522,1,181
522,2,178
522,3,174
522,4,169
522,5,162
523,1,180
523,2,178
523,3,175
523,4,169
523,5,162
524,1,181
524,2,178
524,3,174
524,4,169
524,5,162
525,1,182
525,2,178
525,3,174
525,4,169
525,5,163
526,1,182
526,2,178
526,3,174
526,4,169
526,5,163
527,1,182
527,2,178
527,3,175
527,4,169
527,5,163
528,1,182
528,2,178
528,3,175
528,4,169
528,5,163
529,1,182
529,2,179
529,3,175
529,4,170
529,5,163
530,1,182
530,2,179
530,3,175
530,4,170
530,5,163
531,1,181
531,2,179
531,3,175
531,4,170
531,5,163
532,1,182
532,2,179
532,3,175
532,4,170
532,5,163
533,1,182
533,2,179
533,3,175
533,4,170
533,5,163
534,1,182
534,2,179
534,3,175
534,4,170
534,5,163
535,1,182
535,2,179
535,3,175
535,4,170
535,5,163
536,1,183
536,2,178
536,3,175
536,4,170
536,5,163
537,1,183
537,2,178
537,3,175
537,4,170
537,5,164
538,1,183
538,2,178
538,3,175
538,4,170
538,5,164
539,1,182
539,2,178
539,3,175
539,4,170
539,5,164
540,1,183
540,2,179
540,3,176
540,4,170
540,5,164
541,1,182
541,2,179
541,3,176
541,4,170
541,5,164
542,1,182
542,2,179
542,3,176
542,4,170
542,5,164
543,1,183
543,2,179
543,3,176
543,4,171
543,5,164
544,1,182
544,2,179
544,3,176
544,4,171
544,5,165
545,1,183
545,2,179
545,3,176
545,4,171
545,5,165
546,1,183
546,2,179
546,3,176
546,4,171
546,5,165
547,1,181
547,2,179
547,3,176
547,4,171
547,5,165
548,1,179
548,2,179
548,3,176
548,4,171
548,5,165
549,1,179
549,2,179
549,3,176
549,4,171
549,5,165
550,1,177
550,2,179
550,3,176
550,4,171
550,5,165
551,1,175
551,2,179
551,3,176
551,4,171
551,5,165
552,1,165
552,2,179
552,3,176
552,4,172
552,5,166
553,2,179
553,3,177
553,4,172
553,5,166
554,2,179
554,3,177
554,4,172
554,5,166
555,2,179
555,3,176
555,4,172
555,5,166
556,2,179
556,3,176
556,4,172
556,5,166
557,2,179
557,3,176
557,4,172
557,5,166
558,2,179
558,3,177
558,4,172
558,5,166
559,2,179
559,3,176
559,4,172
559,5,166
560,2,179
560,3,177
560,4,172
560,5,166
561,2,180
561,3,177
561,4,172
561,5,166
562,2,180
562,3,177
562,4,172
562,5,166
563,2,179
563,3,177
563,4,172
563,5,167
564,2,179
564,3,177
564,4,172
564,5,167
565,2,180
565,3,177
565,4,172
565,5,167
566,2,180
566,3,177
566,4,173
566,5,167
567,2,180
567,3,177
567,4,173
567,5,167
568,2,179
568,3,177
568,4,173
568,5,167
569,2,180
569,3,177
569,4,173
569,5,167
570,2,180
570,3,178
570,4,173
570,5,167
571,2,180
571,3,178
571,4,173
571,5,167
572,2,181
572,3,178
572,4,173
572,5,168
573,2,180
573,3,178
573,4,173
573,5,168
574,2,180
574,3,178
574,4,173
574,5,168
575,2,180
575,3,178
575,4,174
575,5,168
576,2,180
576,3,178
576,4,174
576,5,168
577,2,180
577,3,178
577,4,174
577,5,168
578,2,180
578,3,178
578,4,174
578,5,168
579,2,180
579,3,178
579,4,174
579,5,168
580,2,180
580,3,178
580,4,174
580,5,168
581,2,180
581,3,178
581,4,174
581,5,168
582,2,180
582,3,178
582,4,174
582,5,168
583,2,180
583,3,178
583,4,174
583,5,168
584,2,180
584,3,178
584,4,174
584,5,168
585,2,180
585,3,178
585,4,174
585,5,168
586,2,180
586,3,178
586,4,174
586,5,169
587,2,180
587,3,178
587,4,174
587,5,169
588,2,180
588,3,178
588,4,175
588,5,169
589,2,180
589,3,178
589,4,175
589,5,169
590,2,180
590,3,178
590,4,175
590,5,169
591,2,180
591,3,178
591,4,175
591,5,169
592,2,180
592,3,178
592,4,175
592,5,169
593,2,180
593,3,178
593,4,175
593,5,169
594,2,180
594,3,178
594,4,175
594,5,169
595,2,180
595,3,178
595,4,175
595,5,169
596,2,179
596,3,178
596,4,175
596,5,169
597,2,180
597,3,178
597,4,175
597,5,170
598,2,179
598,3,178
598,4,175
598,5,170
599,2,180
599,3,179
599,4,175
599,5,170
600,2,180
600,3,179
600,4,175
600,5,170
601,2,180
601,3,179
601,4,175
601,5,170
602,2,180
602,3,179
602,4,175
602,5,170
603,2,180
603,3,179
603,4,175
603,5,170
604,2,181
604,3,179
604,4,175
604,5,170
605,2,181
605,3,179
605,4,175
605,5,170
606,2,181
606,3,179
606,4,175
606,5,170
607,2,181
607,3,179
607,4,175
607,5,170
608,2,181
608,3,180
608,4,175
608,5,170
609,2,181
609,3,180
609,4,176
609,5,170
610,2,181
610,3,180
610,4,176
610,5,170
611,2,181
611,3,180
611,4,176
611,5,170
612,2,182
612,3,180
612,4,176
612,5,170
613,2,182
613,3,179
613,4,176
613,5,170
614,2,181
614,3,179
614,4,177
614,5,171
615,2,181
615,3,180
615,4,177
615,5,171
616,2,181
616,3,180
616,4,176
616,5,171
617,2,180
617,3,180
617,4,176
617,5,171
618,2,180
618,3,180
618,4,177
618,5,171
619,2,180
619,3,180
619,4,177
619,5,171
620,2,180
620,3,180
620,4,177
620,5,171
621,2,180
621,3,180
621,4,177
621,5,171
622,2,180
622,3,180
622,4,177
622,5,171
623,2,181
623,3,180
623,4,177
623,5,171
624,2,180
624,3,180
624,4,177
624,5,172
625,2,180
625,3,180
625,4,177
625,5,172
626,2,180
626,3,180
626,4,177
626,5,172
627,2,180
627,3,181
627,4,177
627,5,172
628,2,180
628,3,181
628,4,177
628,5,172
629,2,180
629,3,181
629,4,177
629,5,172
630,2,179
630,3,181
630,4,178
630,5,172
631,2,181
631,3,181
631,4,177
631,5,172
632,2,180
632,3,181
632,4,177
632,5,172
633,2,180
633,3,181
633,4,177
633,5,172
634,2,180
634,3,181
634,4,178
634,5,172
635,2,180
635,3,181
635,4,178
635,5,172
636,2,181
636,3,181
636,4,178
636,5,172
637,2,183
637,3,181
637,4,178
637,5,172
638,2,184
638,3,180
638,4,178
638,5,172
639,2,185
639,3,181
639,4,178
639,5,172
640,2,185
640,3,181
640,4,178
640,5,172
641,2,184
641,3,181
641,4,178
641,5,172
642,2,184
642,3,181
642,4,178
642,5,172
643,2,182
643,3,181
643,4,178
643,5,172
644,2,183
644,3,181
644,4,178
644,5,172
645,2,181
645,3,181
645,4,178
645,5,173
646,2,180
646,3,181
646,4,178
646,5,173
647,2,180
647,3,182
647,4,178
647,5,173
648,2,180
648,3,182
648,4,179
648,5,173
649,2,180
649,3,182
649,4,179
649,5,173
650,2,180
650,3,181
650,4,179
650,5,173
651,2,178
651,3,181
651,4,179
651,5,173
652,2,181
652,3,181
652,4,179
652,5,173
653,2,179
653,3,181
653,4,179
653,5,173
654,2,177
654,3,181
654,4,179
654,5,173
655,2,181
655,3,181
655,4,179
655,5,174
656,2,174
656,3,181
656,4,179
656,5,174
657,3,181
657,4,179
657,5,174
658,3,181
658,4,179
658,5,174
659,3,181
659,4,179
659,5,174
660,3,181
660,4,179
660,5,174
661,3,181
661,4,179
661,5,174
662,3,181
662,4,179
662,5,174
663,3,181
663,4,179
663,5,174
664,3,181
664,4,179
664,5,174
665,3,181
665,4,179
665,5,174
666,3,182
666,4,180
666,5,174
667,3,182
667,4,180
667,5,174
668,3,182
668,4,180
668,5,174
669,3,182
669,4,180
669,5,174
670,3,183
670,4,180
670,5,174
671,3,183
671,4,180
671,5,174
672,3,183
672,4,180
672,5,174
673,3,183
673,4,180
673,5,175
674,3,183
674,4,180
674,5,175
675,3,183
675,4,180
675,5,175
676,3,183
676,4,180
676,5,175
677,3,183
677,4,180
677,5,175
678,3,183
678,4,180
678,5,175
679,3,183
679,4,180
679,5,175
680,3,184
680,4,180
680,5,175
681,3,184
681,4,180
681,5,175
682,3,184
682,4,180
682,5,175
683,3,184
683,4,181
683,5,175
684,3,184
684,4,181
684,5,175
685,3,184
685,4,181
685,5,175
686,3,185
686,4,181
686,5,175
687,3,185
687,4,181
687,5,175
688,3,185
688,4,181
688,5,175
689,3,184
689,4,182
689,5,176
690,3,184
690,4,182
690,5,176
691,3,185
691,4,181
691,5,176
692,3,184
692,4,181
692,5,176
693,3,185
693,4,182
693,5,176
694,3,185
694,4,181
694,5,176
695,3,185
695,4,182
695,5,176
696,3,185
696,4,182
696,5,176
697,3,185
697,4,181
697,5,176
698,3,185
698,4,182
698,5,176
699,3,185
699,4,182
699,5,176
700,3,186
700,4,182
700,5,176
701,3,186
701,4,182
701,5,176
702,3,185
702,4,182
702,5,177
703,3,185
703,4,182
703,5,177
704,3,185
704,4,182
704,5,177
705,3,185
705,4,182
705,5,177
706,3,184
706,4,182
706,5,177
707,3,184
707,4,182
707,5,177
708,3,183
708,4,182
708,5,177
709,3,183
709,4,182
709,5,177
710,3,183
710,4,182
710,5,177
711,3,183
711,4,182
711,5,177
712,3,184
712,4,182
712,5,177
713,3,183
713,4,182
713,5,177
714,3,183
714,4,182
714,5,177
715,3,182
715,4,182
715,5,177
716,3,182
716,4,182
716,5,177
717,3,179
717,4,182
717,5,178
718,3,181
718,4,182
718,5,178
719,3,183
719,4,182
719,5,178
720,3,185
720,4,183
720,5,178
721,3,185
721,4,183
721,5,178
722,3,183
722,4,183
722,5,178
723,3,183
723,4,183
723,5,178
724,3,184
724,4,183
724,5,178
725,3,185
725,4,183
725,5,178
726,4,183
726,5,178
727,4,183
727,5,177
728,4,183
728,5,177
729,4,183
729,5,178
730,4,183
730,5,178
731,4,183
731,5,178
732,4,182
732,5,178
733,4,182
733,5,178
734,4,182
734,5,178
735,4,182
735,5,178
736,4,182
736,5,178
737,4,182
737,5,178
738,4,182
738,5,178
739,4,182
739,5,178
740,4,182
740,5,178
741,4,182
741,5,178
742,4,182
742,5,178
743,4,182
743,5,178
744,4,182
744,5,178
745,4,182
745,5,178
746,4,182
746,5,178
747,4,182
747,5,178
748,4,182
748,5,178
749,4,182
749,5,178
750,4,181
750,5,178
751,4,181
751,5,178
752,4,180
752,5,178
753,4,180
753,5,178
754,4,180
754,5,179
755,4,180
755,5,179
756,4,181
756,5,179
757,4,181
757,5,179
758,4,182
758,5,179
759,4,182
759,5,179
760,4,182
760,5,179
761,4,182
761,5,179
762,4,182
762,5,179
763,4,182
763,5,179
764,4,182
764,5,179
765,4,182
765,5,179
766,4,182
766,5,179
767,4,181
767,5,179
768,4,181
768,5,179
769,4,181
769,5,179
770,4,181
770,5,179
771,4,181
771,5,180
772,4,181
772,5,179
773,4,181
773,5,180
774,4,182
774,5,180
775,4,183
775,5,180
776,4,183
776,5,180
777,4,182
777,5,180
778,4,182
778,5,180
779,4,183
779,5,180
780,4,183
780,5,180
781,4,183
781,5,180
782,4,184
782,5,180
783,4,185
783,5,180
784,4,185
784,5,180
785,4,185
785,5,180
786,4,185
786,5,180
787,4,185
787,5,180
788,4,184
788,5,180
789,4,183
789,5,180
790,4,184
790,5,180
791,4,184
791,5,180
792,4,183
792,5,180
793,4,184
793,5,180
794,4,184
794,5,180
795,4,184
795,5,179
796,4,183
796,5,179
797,4,184
797,5,180
798,4,183
798,5,180
799,5,179
800,5,179
801,5,179
802,5,179
803,5,180
804,5,180
805,5,180
806,5,180
807,5,181
808,5,181
809,5,181
810,5,181
811,5,180
812,5,181
813,5,180
814,5,180
815,5,180
816,5,180
817,5,180
818,5,180
819,5,180
820,5,180
821,5,180
822,5,180
823,5,180
824,5,180
825,5,180
826,5,180
827,5,180
828,5,181
829,5,180
830,5,179
831,5,179
832,5,179
833,5,179
834,5,179
835,5,180
836,5,180
837,5,181
838,5,181
839,5,181
840,5,181
841,5,181
842,5,181
843,5,181
844,5,181
845,5,180
846,5,180
847,5,180
848,5,179
849,5,179
850,5,179
851,5,179
852,5,179
853,5,181
854,5,181
855,5,181
856,5,181
857,5,182
858,5,181
859,5,181
860,5,181
861,5,180
862,5,180
863,5,180
864,5,180
865,5,180
866,5,181
867,5,180
868,5,180
869,5,180
870,5,180
871,5,179
872,5,177
873,5,176
874,5,176
875,5,176
876,5,176
877,5,177
878,5,177
879,5,178
880,5,179
881,5,179
882,5,178
883,5,178
884,5,178
885,5,178
886,5,179
887,5,179
888,5,178
889,5,177
890,5,177
891,5,177
892,5,177
893,5,176
894,5,176
895,5,176
896,5,177
897,5,178
898,5,177
899,5,178
900,5,179
901,5,180
902,5,181
903,5,180
904,5,179
905,5,179
906,5,177
907,5,177
908,5,177
909,5,179
910,5,179
911,5,180
912,5,179
913,5,179
914,5,179
915,5,178
916,5,178
917,5,177
918,5,176
919,5,176
920,5,177
921,5,177
922,5,177
923,5,177
924,5,177
925,5,177
926,5,177
927,5,176
928,5,177
929,5,177
930,5,178
931,5,178
932,5,175
933,5,176
934,5,176
935,5,177
936,5,176
937,5,175
938,5,174
939,5,176
940,5,176
941,5,176
942,5,176
943,5,176
944,5,175
945,5,176
946,5,175
947,5,173
948,5,172
949,5,174
950,5,173
951,5,172
952,5,172
953,5,173
954,5,174
955,5,174
956,5,177
957,5,177
958,5,177
959,5,177
960,5,177
961,5,176
962,5,177
963,5,177
964,5,176
965,5,177
966,5,178
967,5,178
968,5,178
969,5,177
970,5,178
971,5,178
972,5,177
973,5,175
974,5,176
975,5,177
976,5,178
977,5,177
978,5,177
979,5,179
980,5,179
981,5,178
982,5,176
983,5,176
984,5,176
985,5,176
986,5,176
987,5,177
988,5,177
989,5,178
990,5,178
991,5,179
992,5,180
993,5,180
994,5,180
995,5,180
996,5,180
997,5,179
998,5,178
999,5,179
1000,5,180
1001,5,178
1002,5,179
1003,5,180
1004,5,181
1005,5,181
1006,5,182
1007,5,181
1008,5,178
1009,5,175
1010,5,175
1011,5,175
1012,5,177
1013,5,178
1014,5,182
1015,5,184
1016,5,183
1017,5,184
1018,5,184
1019,5,184
1020,5,184
1021,5,184
1022,5,184
1023,5,182
1024,5,182
1025,5,182
1026,5,182
1027,5,182
1028,5,182
1029,5,182
1030,5,182
1031,5,182
1032,5,182
1033,5,180
1034,5,178
1035,5,176
1036,5,170
1037,5,168
1038,5,168
1039,5,170
1040,5,175
1041,5,180
1042,5,182
1043,5,182
1044,5,182
1045,5,182
1046,5,182
1047,5,182
1048,5,182
1049,5,183
1050,5,183
1051,5,183
1052,5,183
1053,5,183
1054,5,183
1055,5,183
1056,5,194
1057,5,192
1058,5,183
1059,5,175
1060,5,174
1061,5,174
1062,5,174
1063,5,178
1064,5,185
1065,5,193
1066,5,194
1067,5,194
1068,5,194
1069,5,194
1070,5,194
1071,5,194
1072,5,186
1073,5,179
1074,5,168
1075,5,158
1076,5,147
1077,5,147
1078,5,155
1079,5,165
1080,5,175
