time,max_speed_quintile,RR
0,1,24
0,2,23
0,3,22
0,4,22
0,5,22
1,1,24
1,2,23
1,3,22
1,4,22
1,5,22
2,1,25
2,2,23
2,3,22
2,4,22
2,5,22
3,1,25
3,2,24
3,3,23
3,4,22
3,5,22
4,1,25
4,2,24
4,3,23
4,4,22
4,5,22
5,1,25
5,2,24
5,3,23
5,4,22
5,5,22
6,1,25
6,2,24
6,3,23
6,4,22
6,5,23
7,1,25
7,2,24
7,3,23
7,4,22
7,5,23
8,1,25
8,2,24
8,3,23
8,4,22
8,5,23
9,1,25
9,2,24
9,3,23
9,4,22
9,5,23
10,1,25
10,2,24
10,3,23
10,4,22
10,5,23
11,1,25
11,2,24
11,3,23
11,4,22
11,5,23
12,1,25
12,2,24
12,3,23
12,4,22
12,5,23
13,1,25
13,2,24
13,3,23
13,4,22
13,5,23
14,1,25
14,2,24
14,3,23
14,4,23
14,5,23
15,1,25
15,2,24
15,3,23
15,4,23
15,5,23
16,1,25
16,2,24
16,3,23
16,4,23
16,5,23
17,1,25
17,2,24
17,3,23
17,4,23
17,5,23
18,1,25
18,2,24
18,3,23
18,4,22
18,5,23
19,1,25
19,2,24
19,3,23
19,4,22
19,5,23
20,1,25
20,2,24
20,3,23
20,4,22
20,5,23
21,1,25
21,2,24
21,3,23
21,4,22
21,5,23
22,1,25
22,2,24
22,3,23
22,4,22
22,5,23
23,1,25
23,2,24
23,3,23
23,4,23
23,5,23
24,1,24
24,2,24
24,3,23
24,4,23
24,5,23
25,1,24
25,2,24
25,3,23
25,4,23
25,5,23
26,1,24
26,2,24
26,3,23
26,4,23
26,5,23
27,1,24
27,2,24
27,3,23
27,4,23
27,5,23
28,1,24
28,2,24
28,3,23
28,4,23
28,5,23
29,1,24
29,2,24
29,3,23
29,4,23
29,5,23
30,1,24
30,2,24
30,3,23
30,4,23
30,5,23
31,1,24
31,2,24
31,3,23
31,4,23
31,5,23
32,1,24
32,2,24
32,3,23
32,4,23
32,5,23
33,1,24
33,2,24
33,3,23
33,4,23
33,5,23
34,1,25
34,2,24
34,3,23
34,4,23
34,5,23
35,1,25
35,2,24
35,3,23
35,4,23
35,5,23
36,1,25
36,2,24
36,3,23
36,4,23
36,5,23
37,1,25
37,2,24
37,3,23
37,4,23
37,5,23
38,1,25
38,2,24
38,3,23
38,4,23
38,5,23
39,1,25
39,2,24
39,3,23
39,4,23
39,5,23
40,1,25
40,2,24
40,3,23
40,4,23
40,5,23
41,1,25
41,2,24
41,3,23
41,4,23
41,5,23
42,1,25
42,2,24
42,3,23
42,4,23
42,5,23
43,1,25
43,2,24
43,3,23
43,4,23
43,5,23
44,1,25
44,2,24
44,3,23
44,4,23
44,5,23
45,1,25
45,2,24
45,3,23
45,4,23
45,5,23
46,1,26
46,2,24
46,3,23
46,4,23
46,5,23
47,1,26
47,2,24
47,3,23
47,4,23
47,5,23
48,1,26
48,2,24
48,3,23
48,4,23
48,5,23
49,1,26
49,2,24
49,3,24
49,4,23
49,5,23
50,1,26
50,2,24
50,3,24
50,4,23
50,5,23
51,1,26
51,2,24
51,3,23
51,4,23
51,5,23
52,1,26
52,2,24
52,3,24
52,4,23
52,5,23
53,1,26
53,2,24
53,3,24
53,4,23
53,5,23
54,1,25
54,2,24
54,3,24
54,4,23
54,5,23
55,1,25
55,2,25
55,3,24
55,4,23
55,5,23
56,1,25
56,2,25
56,3,24
56,4,23
56,5,23
57,1,25
57,2,25
57,3,24
57,4,23
57,5,23
58,1,25
58,2,25
58,3,24
58,4,23
58,5,23
59,1,25
59,2,24
59,3,24
59,4,23
59,5,23
60,1,25
60,2,24
60,3,24
60,4,23
60,5,23
61,1,26
61,2,24
61,3,24
61,4,23
61,5,23
62,1,26
62,2,25
62,3,24
62,4,23
62,5,23
63,1,26
63,2,25
63,3,24
63,4,23
63,5,23
64,1,26
64,2,25
64,3,24
64,4,23
64,5,24
65,1,26
65,2,25
65,3,24
65,4,23
65,5,24
66,1,26
66,2,25
66,3,24
66,4,23
66,5,24
67,1,26
67,2,25
67,3,24
67,4,23
67,5,24
68,1,27
68,2,25
68,3,24
68,4,23
68,5,24
69,1,27
69,2,25
69,3,24
69,4,23
69,5,24
70,1,27
70,2,26
70,3,24
70,4,23
70,5,24
71,1,27
71,2,26
71,3,24
71,4,24
71,5,24
72,1,27
72,2,26
72,3,24
72,4,24
72,5,24
73,1,27
73,2,26
73,3,24
73,4,24
73,5,24
74,1,27
74,2,26
74,3,24
74,4,24
74,5,24
75,1,27
75,2,26
75,3,24
75,4,24
75,5,24
76,1,27
76,2,26
76,3,25
76,4,24
76,5,24
77,1,27
77,2,26
77,3,25
77,4,24
77,5,24
78,1,27
78,2,26
78,3,25
78,4,24
78,5,24
79,1,27
79,2,26
79,3,25
79,4,24
79,5,24
80,1,27
80,2,26
80,3,25
80,4,24
80,5,24
81,1,27
81,2,26
81,3,25
81,4,24
81,5,24
82,1,27
82,2,26
82,3,25
82,4,24
82,5,24
83,1,27
83,2,26
83,3,25
83,4,24
83,5,24
84,1,27
84,2,26
84,3,25
84,4,24
84,5,24
85,1,27
85,2,26
85,3,24
85,4,24
85,5,24
86,1,27
86,2,26
86,3,24
86,4,24
86,5,24
87,1,27
87,2,26
87,3,24
87,4,24
87,5,24
88,1,27
88,2,26
88,3,24
88,4,24
88,5,24
89,1,27
89,2,26
89,3,24
89,4,24
89,5,24
90,1,27
90,2,26
90,3,25
90,4,24
90,5,24
91,1,27
91,2,26
91,3,25
91,4,25
91,5,24
92,1,27
92,2,26
92,3,25
92,4,25
92,5,24
93,1,27
93,2,26
93,3,25
93,4,25
93,5,24
94,1,27
94,2,26
94,3,25
94,4,24
94,5,24
95,1,27
95,2,26
95,3,25
95,4,24
95,5,24
96,1,27
96,2,26
96,3,25
96,4,24
96,5,24
97,1,27
97,2,26
97,3,25
97,4,24
97,5,24
98,1,27
98,2,26
98,3,25
98,4,24
98,5,24
99,1,27
99,2,26
99,3,25
99,4,24
99,5,24
100,1,28
100,2,26
100,3,25
100,4,25
100,5,25
101,1,28
101,2,26
101,3,25
101,4,25
101,5,25
102,1,28
102,2,26
102,3,25
102,4,25
102,5,25
103,1,28
103,2,26
103,3,25
103,4,25
103,5,24
104,1,28
104,2,26
104,3,25
104,4,25
104,5,24
105,1,28
105,2,26
105,3,25
105,4,25
105,5,25
106,1,28
106,2,26
106,3,25
106,4,25
106,5,25
107,1,28
107,2,26
107,3,25
107,4,25
107,5,25
108,1,28
108,2,26
108,3,25
108,4,25
108,5,25
109,1,28
109,2,26
109,3,25
109,4,25
109,5,25
110,1,28
110,2,26
110,3,25
110,4,25
110,5,25
111,1,28
111,2,26
111,3,25
111,4,25
111,5,25
112,1,28
112,2,26
112,3,25
112,4,25
112,5,25
113,1,28
113,2,26
113,3,25
113,4,25
113,5,25
114,1,28
114,2,26
114,3,25
114,4,25
114,5,25
115,1,28
115,2,27
115,3,26
115,4,25
115,5,25
116,1,28
116,2,27
116,3,25
116,4,25
116,5,25
117,1,28
117,2,27
117,3,25
117,4,25
117,5,25
118,1,28
118,2,27
118,3,25
118,4,25
118,5,25
119,1,28
119,2,27
119,3,25
119,4,25
119,5,25
120,1,28
120,2,27
120,3,26
120,4,25
120,5,25
121,1,28
121,2,27
121,3,26
121,4,25
121,5,25
122,1,29
122,2,27
122,3,26
122,4,25
122,5,25
123,1,29
123,2,27
123,3,26
123,4,25
123,5,25
124,1,29
124,2,27
124,3,26
124,4,25
124,5,25
125,1,29
125,2,27
125,3,26
125,4,25
125,5,25
126,1,29
126,2,27
126,3,26
126,4,25
126,5,25
127,1,29
127,2,27
127,3,26
127,4,26
127,5,26
128,1,29
128,2,27
128,3,26
128,4,26
128,5,26
129,1,29
129,2,28
129,3,26
129,4,26
129,5,26
130,1,29
130,2,28
130,3,26
130,4,26
130,5,26
131,1,30
131,2,28
131,3,26
131,4,26
131,5,26
132,1,30
132,2,28
132,3,26
132,4,26
132,5,26
133,1,30
133,2,28
133,3,26
133,4,26
133,5,26
134,1,30
134,2,28
134,3,26
134,4,26
134,5,26
135,1,30
135,2,28
135,3,26
135,4,26
135,5,26
136,1,30
136,2,28
136,3,26
136,4,26
136,5,26
137,1,30
137,2,28
137,3,26
137,4,26
137,5,26
138,1,30
138,2,28
138,3,26
138,4,26
138,5,26
139,1,30
139,2,28
139,3,26
139,4,26
139,5,26
140,1,30
140,2,27
140,3,26
140,4,26
140,5,26
141,1,30
141,2,28
141,3,26
141,4,26
141,5,26
142,1,30
142,2,28
142,3,26
142,4,26
142,5,26
143,1,30
143,2,28
143,3,26
143,4,26
143,5,26
144,1,30
144,2,28
144,3,26
144,4,26
144,5,26
145,1,30
145,2,28
145,3,26
145,4,26
145,5,26
146,1,30
146,2,28
146,3,26
146,4,26
146,5,26
147,1,30
147,2,28
147,3,26
147,4,26
147,5,26
148,1,30
148,2,28
148,3,26
148,4,26
148,5,26
149,1,30
149,2,28
149,3,26
149,4,26
149,5,26
150,1,30
150,2,28
150,3,26
150,4,26
150,5,26
151,1,30
151,2,28
151,3,26
151,4,26
151,5,27
152,1,30
152,2,28
152,3,26
152,4,26
152,5,27
153,1,30
153,2,28
153,3,26
153,4,26
153,5,27
154,1,30
154,2,28
154,3,26
154,4,26
154,5,27
155,1,30
155,2,28
155,3,27
155,4,26
155,5,27
156,1,30
156,2,28
156,3,27
156,4,27
156,5,27
157,1,30
157,2,28
157,3,27
157,4,27
157,5,27
158,1,30
158,2,28
158,3,27
158,4,27
158,5,27
159,1,30
159,2,28
159,3,27
159,4,27
159,5,27
160,1,30
160,2,28
160,3,27
160,4,26
160,5,27
161,1,30
161,2,28
161,3,27
161,4,26
161,5,27
162,1,30
162,2,29
162,3,27
162,4,26
162,5,27
163,1,30
163,2,29
163,3,27
163,4,26
163,5,27
164,1,30
164,2,29
164,3,27
164,4,26
164,5,27
165,1,30
165,2,29
165,3,27
165,4,26
165,5,27
166,1,30
166,2,29
166,3,27
166,4,26
166,5,27
167,1,30
167,2,29
167,3,27
167,4,26
167,5,27
168,1,30
168,2,29
168,3,27
168,4,27
168,5,27
169,1,30
169,2,29
169,3,27
169,4,27
169,5,27
170,1,30
170,2,29
170,3,27
170,4,27
170,5,27
171,1,31
171,2,29
171,3,27
171,4,27
171,5,27
172,1,31
172,2,29
172,3,27
172,4,27
172,5,27
173,1,31
173,2,28
173,3,27
173,4,27
173,5,27
174,1,31
174,2,28
174,3,28
174,4,27
174,5,27
175,1,30
175,2,28
175,3,28
175,4,27
175,5,27
176,1,30
176,2,28
176,3,28
176,4,27
176,5,27
177,1,31
177,2,28
177,3,28
177,4,27
177,5,27
178,1,31
178,2,28
178,3,28
178,4,27
178,5,27
179,1,31
179,2,28
179,3,28
179,4,27
179,5,27
180,1,31
180,2,28
180,3,28
180,4,27
180,5,27
181,1,31
181,2,29
181,3,28
181,4,27
181,5,27
182,1,31
182,2,29
182,3,28
182,4,27
182,5,27
183,1,31
183,2,29
183,3,28
183,4,28
183,5,27
184,1,31
184,2,29
184,3,28
184,4,28
184,5,27
185,1,31
185,2,29
185,3,28
185,4,27
185,5,27
186,1,32
186,2,29
186,3,28
186,4,27
186,5,27
187,1,32
187,2,29
187,3,28
187,4,27
187,5,28
188,1,32
188,2,29
188,3,28
188,4,27
188,5,27
189,1,32
189,2,29
189,3,28
189,4,28
189,5,28
190,1,32
190,2,30
190,3,28
190,4,28
190,5,28
191,1,32
191,2,30
191,3,28
191,4,28
191,5,28
192,1,32
192,2,30
192,3,28
192,4,28
192,5,28
193,1,32
193,2,30
193,3,28
193,4,28
193,5,28
194,1,32
194,2,30
194,3,28
194,4,28
194,5,28
195,1,32
195,2,30
195,3,28
195,4,28
195,5,28
196,1,32
196,2,30
196,3,28
196,4,28
196,5,28
197,1,32
197,2,30
197,3,28
197,4,28
197,5,28
198,1,32
198,2,30
198,3,28
198,4,28
198,5,28
199,1,32
199,2,30
199,3,28
199,4,28
199,5,28
200,1,32
200,2,30
200,3,28
200,4,28
200,5,28
201,1,32
201,2,30
201,3,28
201,4,28
201,5,28
202,1,32
202,2,30
202,3,28
202,4,28
202,5,28
203,1,32
203,2,30
203,3,28
203,4,28
203,5,28
204,1,32
204,2,30
204,3,28
204,4,28
204,5,28
205,1,32
205,2,30
205,3,28
205,4,28
205,5,28
206,1,32
206,2,30
206,3,28
206,4,28
206,5,28
207,1,32
207,2,30
207,3,28
207,4,28
207,5,28
208,1,32
208,2,30
208,3,28
208,4,28
208,5,28
209,1,32
209,2,30
209,3,28
209,4,28
209,5,28
210,1,32
210,2,30
210,3,28
210,4,28
210,5,28
211,1,32
211,2,30
211,3,28
211,4,28
211,5,28
212,1,32
212,2,30
212,3,28
212,4,28
212,5,28
213,1,33
213,2,30
213,3,29
213,4,28
213,5,28
214,1,33
214,2,30
214,3,29
214,4,28
214,5,28
215,1,33
215,2,30
215,3,29
215,4,28
215,5,28
216,1,33
216,2,30
216,3,29
216,4,28
216,5,28
217,1,33
217,2,30
217,3,29
217,4,28
217,5,28
218,1,33
218,2,30
218,3,29
218,4,28
218,5,28
219,1,33
219,2,30
219,3,29
219,4,28
219,5,29
220,1,33
220,2,30
220,3,29
220,4,28
220,5,29
221,1,33
221,2,30
221,3,29
221,4,29
221,5,29
222,1,33
222,2,30
222,3,29
222,4,29
222,5,29
223,1,33
223,2,30
223,3,29
223,4,29
223,5,29
224,1,33
224,2,30
224,3,29
224,4,29
224,5,29
225,1,33
225,2,30
225,3,29
225,4,29
225,5,29
226,1,33
226,2,30
226,3,29
226,4,29
226,5,29
227,1,33
227,2,30
227,3,29
227,4,29
227,5,29
228,1,33
228,2,30
228,3,29
228,4,29
228,5,29
229,1,34
229,2,30
229,3,29
229,4,29
229,5,29
230,1,34
230,2,30
230,3,29
230,4,29
230,5,29
231,1,34
231,2,30
231,3,29
231,4,29
231,5,29
232,1,34
232,2,30
232,3,29
232,4,29
232,5,29
233,1,34
233,2,31
233,3,29
233,4,29
233,5,29
234,1,34
234,2,31
234,3,29
234,4,29
234,5,29
235,1,34
235,2,31
235,3,29
235,4,29
235,5,29
236,1,34
236,2,31
236,3,29
236,4,29
236,5,29
237,1,34
237,2,31
237,3,29
237,4,29
237,5,29
238,1,34
238,2,31
238,3,29
238,4,29
238,5,29
239,1,34
239,2,31
239,3,29
239,4,29
239,5,29
240,1,34
240,2,31
240,3,29
240,4,29
240,5,29
241,1,34
241,2,31
241,3,29
241,4,29
241,5,29
242,1,34
242,2,31
242,3,29
242,4,29
242,5,29
243,1,34
243,2,31
243,3,29
243,4,29
243,5,29
244,1,34
244,2,31
244,3,29
244,4,29
244,5,29
245,1,34
245,2,31
245,3,29
245,4,29
245,5,29
246,1,34
246,2,31
246,3,29
246,4,29
246,5,29
247,1,35
247,2,31
247,3,29
247,4,29
247,5,29
248,1,35
248,2,31
248,3,30
248,4,29
248,5,29
249,1,35
249,2,32
249,3,30
249,4,29
249,5,29
250,1,35
250,2,32
250,3,30
250,4,29
250,5,29
251,1,35
251,2,32
251,3,30
251,4,29
251,5,30
252,1,35
252,2,32
252,3,30
252,4,29
252,5,30
253,1,35
253,2,32
253,3,30
253,4,30
253,5,30
254,1,35
254,2,32
254,3,30
254,4,30
254,5,30
255,1,36
255,2,32
255,3,30
255,4,30
255,5,30
256,1,36
256,2,32
256,3,30
256,4,30
256,5,30
257,1,36
257,2,32
257,3,30
257,4,30
257,5,30
258,1,36
258,2,32
258,3,30
258,4,30
258,5,30
259,1,36
259,2,32
259,3,30
259,4,30
259,5,30
260,1,36
260,2,32
260,3,30
260,4,30
260,5,30
261,1,36
261,2,32
261,3,30
261,4,30
261,5,30
262,1,36
262,2,32
262,3,30
262,4,30
262,5,30
263,1,36
263,2,32
263,3,30
263,4,30
263,5,30
264,1,36
264,2,32
264,3,30
264,4,30
264,5,30
265,1,36
265,2,32
265,3,30
265,4,30
265,5,30
266,1,36
266,2,32
266,3,30
266,4,30
266,5,30
267,1,36
267,2,32
267,3,30
267,4,30
267,5,30
268,1,36
268,2,32
268,3,30
268,4,30
268,5,31
269,1,36
269,2,32
269,3,30
269,4,30
269,5,31
270,1,36
270,2,32
270,3,30
270,4,30
270,5,31
271,1,36
271,2,32
271,3,30
271,4,30
271,5,31
272,1,36
272,2,32
272,3,30
272,4,30
272,5,30
273,1,36
273,2,32
273,3,31
273,4,30
273,5,31
274,1,36
274,2,32
274,3,31
274,4,30
274,5,31
275,1,36
275,2,32
275,3,31
275,4,30
275,5,31
276,1,36
276,2,33
276,3,31
276,4,30
276,5,30
277,1,36
277,2,33
277,3,31
277,4,30
277,5,31
278,1,36
278,2,33
278,3,31
278,4,30
278,5,31
279,1,36
279,2,33
279,3,31
279,4,30
279,5,31
280,1,36
280,2,33
280,3,31
280,4,30
280,5,31
281,1,36
281,2,33
281,3,31
281,4,30
281,5,30
282,1,36
282,2,33
282,3,31
282,4,30
282,5,30
283,1,36
283,2,33
283,3,31
283,4,30
283,5,30
284,1,36
284,2,33
284,3,31
284,4,31
284,5,31
285,1,36
285,2,33
285,3,31
285,4,31
285,5,31
286,1,37
286,2,33
286,3,31
286,4,30
286,5,31
287,1,37
287,2,33
287,3,31
287,4,30
287,5,31
288,1,37
288,2,33
288,3,31
288,4,30
288,5,31
289,1,37
289,2,33
289,3,31
289,4,30
289,5,31
290,1,37
290,2,33
290,3,31
290,4,30
290,5,31
291,1,37
291,2,33
291,3,31
291,4,30
291,5,31
292,1,37
292,2,33
292,3,31
292,4,30
292,5,31
293,1,37
293,2,33
293,3,31
293,4,30
293,5,31
294,1,38
294,2,33
294,3,31
294,4,31
294,5,30
295,1,38
295,2,33
295,3,31
295,4,31
295,5,31
296,1,37
296,2,33
296,3,31
296,4,31
296,5,31
297,1,38
297,2,33
297,3,31
297,4,31
297,5,31
298,1,38
298,2,33
298,3,31
298,4,31
298,5,31
299,1,38
299,2,33
299,3,31
299,4,31
299,5,31
300,1,38
300,2,33
300,3,31
300,4,31
300,5,31
301,1,38
301,2,33
301,3,31
301,4,31
301,5,31
302,1,38
302,2,33
302,3,31
302,4,31
302,5,31
303,1,38
303,2,33
303,3,31
303,4,31
303,5,31
304,1,38
304,2,33
304,3,31
304,4,31
304,5,31
305,1,39
305,2,33
305,3,31
305,4,31
305,5,31
306,1,39
306,2,33
306,3,32
306,4,31
306,5,31
307,1,39
307,2,33
307,3,31
307,4,31
307,5,31
308,1,39
308,2,33
308,3,32
308,4,31
308,5,31
309,1,39
309,2,34
309,3,32
309,4,31
309,5,31
310,1,39
310,2,34
310,3,32
310,4,31
310,5,31
311,1,39
311,2,34
311,3,32
311,4,31
311,5,31
312,1,39
312,2,34
312,3,32
312,4,31
312,5,31
313,1,39
313,2,34
313,3,32
313,4,31
313,5,31
314,1,39
314,2,34
314,3,32
314,4,31
314,5,31
315,1,39
315,2,34
315,3,32
315,4,31
315,5,31
316,1,39
316,2,34
316,3,32
316,4,31
316,5,31
317,1,39
317,2,34
317,3,33
317,4,31
317,5,31
318,1,39
318,2,34
318,3,33
318,4,31
318,5,31
319,1,39
319,2,34
319,3,33
319,4,31
319,5,31
320,1,39
320,2,34
320,3,33
320,4,31
320,5,32
321,1,39
321,2,34
321,3,32
321,4,32
321,5,32
322,1,39
322,2,34
322,3,32
322,4,32
322,5,32
323,1,39
323,2,35
323,3,33
323,4,32
323,5,32
324,1,39
324,2,35
324,3,33
324,4,32
324,5,32
325,1,39
325,2,35
325,3,32
325,4,32
325,5,32
326,1,39
326,2,35
326,3,33
326,4,32
326,5,32
327,1,39
327,2,35
327,3,33
327,4,32
327,5,32
328,1,40
328,2,35
328,3,33
328,4,32
328,5,32
329,1,40
329,2,35
329,3,33
329,4,32
329,5,32
330,1,39
330,2,35
330,3,33
330,4,32
330,5,32
331,1,39
331,2,35
331,3,33
331,4,32
331,5,32
332,1,39
332,2,35
332,3,33
332,4,32
332,5,31
333,1,40
333,2,35
333,3,33
333,4,32
333,5,32
334,1,40
334,2,35
334,3,33
334,4,32
334,5,32
335,1,40
335,2,35
335,3,33
335,4,32
335,5,32
336,1,40
336,2,35
336,3,33
336,4,32
336,5,32
337,1,40
337,2,35
337,3,33
337,4,32
337,5,32
338,1,40
338,2,35
338,3,33
338,4,32
338,5,32
339,1,40
339,2,35
339,3,33
339,4,32
339,5,32
340,1,40
340,2,35
340,3,33
340,4,32
340,5,32
341,1,40
341,2,35
341,3,33
341,4,32
341,5,32
342,1,40
342,2,35
342,3,33
342,4,32
342,5,32
343,1,41
343,2,35
343,3,33
343,4,32
343,5,32
344,1,41
344,2,36
344,3,33
344,4,32
344,5,32
345,1,41
345,2,36
345,3,33
345,4,32
345,5,32
346,1,41
346,2,36
346,3,33
346,4,32
346,5,32
347,1,41
347,2,36
347,3,33
347,4,32
347,5,32
348,1,41
348,2,36
348,3,33
348,4,32
348,5,32
349,1,41
349,2,36
349,3,33
349,4,32
349,5,32
350,1,41
350,2,36
350,3,33
350,4,32
350,5,32
351,1,41
351,2,36
351,3,33
351,4,33
351,5,32
352,1,41
352,2,36
352,3,33
352,4,33
352,5,33
353,1,41
353,2,36
353,3,33
353,4,33
353,5,33
354,1,41
354,2,36
354,3,33
354,4,33
354,5,33
355,1,41
355,2,36
355,3,33
355,4,33
355,5,33
356,1,41
356,2,36
356,3,34
356,4,33
356,5,33
357,1,41
357,2,36
357,3,34
357,4,33
357,5,33
358,1,42
358,2,36
358,3,34
358,4,33
358,5,33
359,1,42
359,2,36
359,3,34
359,4,33
359,5,33
360,1,42
360,2,36
360,3,34
360,4,33
360,5,32
361,1,42
361,2,36
361,3,34
361,4,33
361,5,32
362,1,42
362,2,36
362,3,34
362,4,33
362,5,32
363,1,42
363,2,36
363,3,34
363,4,33
363,5,32
364,1,42
364,2,36
364,3,34
364,4,33
364,5,32
365,1,43
365,2,36
365,3,34
365,4,33
365,5,33
366,1,43
366,2,36
366,3,34
366,4,33
366,5,33
367,1,43
367,2,36
367,3,34
367,4,33
367,5,33
368,1,43
368,2,37
368,3,34
368,4,33
368,5,33
369,1,43
369,2,37
369,3,34
369,4,33
369,5,33
370,1,43
370,2,37
370,3,34
370,4,34
370,5,33
371,1,43
371,2,37
371,3,34
371,4,34
371,5,33
372,1,43
372,2,37
372,3,34
372,4,34
372,5,33
373,1,43
373,2,37
373,3,34
373,4,34
373,5,33
374,1,43
374,2,37
374,3,34
374,4,34
374,5,33
375,1,44
375,2,37
375,3,34
375,4,34
375,5,33
376,1,44
376,2,37
376,3,34
376,4,34
376,5,33
377,1,44
377,2,37
377,3,34
377,4,34
377,5,33
378,1,44
378,2,37
378,3,35
378,4,34
378,5,33
379,1,44
379,2,37
379,3,35
379,4,34
379,5,33
380,1,44
380,2,37
380,3,35
380,4,34
380,5,33
381,1,44
381,2,37
381,3,35
381,4,34
381,5,33
382,1,44
382,2,37
382,3,35
382,4,34
382,5,33
383,1,44
383,2,37
383,3,35
383,4,34
383,5,33
384,1,44
384,2,37
384,3,35
384,4,34
384,5,34
385,1,44
385,2,37
385,3,35
385,4,34
385,5,34
386,1,44
386,2,37
386,3,35
386,4,34
386,5,34
387,1,44
387,2,37
387,3,35
387,4,34
387,5,34
388,1,44
388,2,37
388,3,35
388,4,34
388,5,34
389,1,44
389,2,38
389,3,35
389,4,34
389,5,34
390,1,44
390,2,38
390,3,35
390,4,34
390,5,34
391,1,44
391,2,38
391,3,35
391,4,34
391,5,34
392,1,44
392,2,38
392,3,35
392,4,34
392,5,34
393,1,44
393,2,38
393,3,35
393,4,34
393,5,34
394,1,44
394,2,38
394,3,35
394,4,34
394,5,34
395,1,44
395,2,38
395,3,35
395,4,34
395,5,34
396,1,44
396,2,38
396,3,35
396,4,34
396,5,34
397,1,44
397,2,38
397,3,35
397,4,34
397,5,34
398,1,44
398,2,38
398,3,35
398,4,34
398,5,34
399,1,44
399,2,38
399,3,35
399,4,34
399,5,34
400,1,45
400,2,38
400,3,35
400,4,35
400,5,34
401,1,44
401,2,38
401,3,35
401,4,35
401,5,34
402,1,44
402,2,38
402,3,36
402,4,35
402,5,34
403,1,44
403,2,38
403,3,35
403,4,35
403,5,34
404,1,44
404,2,38
404,3,35
404,4,35
404,5,34
405,1,45
405,2,38
405,3,35
405,4,35
405,5,35
406,1,45
406,2,38
406,3,35
406,4,35
406,5,35
407,1,45
407,2,38
407,3,36
407,4,35
407,5,35
408,1,45
408,2,39
408,3,36
408,4,35
408,5,35
409,1,45
409,2,38
409,3,36
409,4,35
409,5,35
410,1,45
410,2,39
410,3,36
410,4,35
410,5,35
411,1,45
411,2,39
411,3,36
411,4,35
411,5,35
412,1,45
412,2,39
412,3,36
412,4,35
412,5,35
413,1,45
413,2,38
413,3,36
413,4,35
413,5,35
414,1,45
414,2,38
414,3,36
414,4,35
414,5,35
415,1,45
415,2,39
415,3,36
415,4,35
415,5,35
416,1,45
416,2,38
416,3,36
416,4,35
416,5,35
417,1,45
417,2,38
417,3,36
417,4,35
417,5,35
418,1,45
418,2,38
418,3,36
418,4,35
418,5,35
419,1,45
419,2,39
419,3,36
419,4,36
419,5,35
420,1,45
420,2,39
420,3,36
420,4,36
420,5,35
421,1,45
421,2,39
421,3,36
421,4,36
421,5,35
422,1,45
422,2,39
422,3,36
422,4,36
422,5,35
423,1,45
423,2,39
423,3,37
423,4,36
423,5,35
424,1,46
424,2,39
424,3,37
424,4,36
424,5,35
425,1,46
425,2,40
425,3,37
425,4,36
425,5,35
426,1,46
426,2,40
426,3,37
426,4,36
426,5,35
427,1,46
427,2,40
427,3,37
427,4,36
427,5,35
428,1,46
428,2,40
428,3,37
428,4,36
428,5,35
429,1,46
429,2,40
429,3,37
429,4,36
429,5,35
430,1,47
430,2,40
430,3,37
430,4,36
430,5,35
431,1,47
431,2,40
431,3,37
431,4,36
431,5,35
432,1,47
432,2,40
432,3,37
432,4,36
432,5,35
433,1,47
433,2,40
433,3,37
433,4,36
433,5,35
434,1,47
434,2,40
434,3,37
434,4,36
434,5,35
435,1,47
435,2,40
435,3,37
435,4,36
435,5,36
436,1,46
436,2,40
436,3,37
436,4,36
436,5,36
437,1,46
437,2,40
437,3,37
437,4,36
437,5,36
438,1,46
438,2,40
438,3,37
438,4,36
438,5,36
439,1,46
439,2,40
439,3,37
439,4,36
439,5,36
440,1,46
440,2,41
440,3,37
440,4,36
440,5,36
441,1,46
441,2,41
441,3,37
441,4,37
441,5,36
442,1,46
442,2,41
442,3,37
442,4,37
442,5,36
443,1,46
443,2,41
443,3,37
443,4,37
443,5,36
444,1,46
444,2,41
444,3,37
444,4,37
444,5,36
445,1,46
445,2,41
445,3,37
445,4,37
445,5,36
446,1,46
446,2,40
446,3,37
446,4,37
446,5,36
447,1,45
447,2,41
447,3,37
447,4,37
447,5,36
448,1,45
448,2,40
448,3,37
448,4,37
448,5,36
449,1,46
449,2,41
449,3,38
449,4,37
449,5,36
450,1,46
450,2,41
450,3,37
450,4,37
450,5,36
451,1,45
451,2,41
451,3,38
451,4,37
451,5,36
452,1,46
452,2,41
452,3,38
452,4,37
452,5,36
453,1,46
453,2,41
453,3,38
453,4,37
453,5,36
454,1,46
454,2,40
454,3,38
454,4,37
454,5,36
455,1,46
455,2,40
455,3,38
455,4,37
455,5,36
456,1,46
456,2,40
456,3,38
456,4,37
456,5,36
457,1,46
457,2,41
457,3,38
457,4,37
457,5,36
458,1,46
458,2,41
458,3,38
458,4,37
458,5,36
459,1,46
459,2,41
459,3,38
459,4,37
459,5,36
460,1,46
460,2,41
460,3,38
460,4,37
460,5,36
461,1,46
461,2,41
461,3,38
461,4,37
461,5,36
462,1,46
462,2,41
462,3,38
462,4,37
462,5,36
463,1,46
463,2,41
463,3,38
463,4,37
463,5,36
464,1,45
464,2,41
464,3,38
464,4,37
464,5,37
465,1,45
465,2,41
465,3,38
465,4,37
465,5,37
466,1,45
466,2,41
466,3,38
466,4,37
466,5,37
467,1,45
467,2,41
467,3,38
467,4,37
467,5,37
468,1,45
468,2,42
468,3,38
468,4,37
468,5,37
469,1,45
469,2,41
469,3,38
469,4,37
469,5,37
470,1,46
470,2,41
470,3,38
470,4,38
470,5,37
471,1,46
471,2,42
471,3,38
471,4,38
471,5,37
472,1,46
472,2,42
472,3,38
472,4,38
472,5,37
473,1,46
473,2,42
473,3,38
473,4,38
473,5,37
474,1,46
474,2,42
474,3,39
474,4,38
474,5,37
475,1,46
475,2,42
475,3,39
475,4,38
475,5,37
476,1,46
476,2,42
476,3,39
476,4,38
476,5,37
477,1,47
477,2,42
477,3,39
477,4,38
477,5,37
478,1,47
478,2,42
478,3,39
478,4,38
478,5,37
479,1,46
479,2,42
479,3,39
479,4,38
479,5,37
480,1,46
480,2,42
480,3,39
480,4,38
480,5,37
481,1,47
481,2,42
481,3,39
481,4,38
481,5,37
482,1,47
482,2,43
482,3,39
482,4,38
482,5,37
483,1,47
483,2,43
483,3,39
483,4,38
483,5,37
484,1,47
484,2,43
484,3,39
484,4,38
484,5,37
485,1,48
485,2,43
485,3,39
485,4,38
485,5,37
486,1,48
486,2,43
486,3,39
486,4,38
486,5,37
487,1,48
487,2,43
487,3,40
487,4,38
487,5,37
488,1,48
488,2,44
488,3,40
488,4,39
488,5,37
489,1,48
489,2,44
489,3,40
489,4,39
489,5,38
490,1,48
490,2,44
490,3,40
490,4,39
490,5,38
491,1,48
491,2,44
491,3,40
491,4,39
491,5,38
492,1,48
492,2,44
492,3,40
492,4,39
492,5,38
493,1,48
493,2,44
493,3,40
493,4,39
493,5,38
494,1,49
494,2,44
494,3,40
494,4,39
494,5,38
495,1,48
495,2,44
495,3,40
495,4,39
495,5,38
496,1,49
496,2,44
496,3,40
496,4,39
496,5,38
497,1,49
497,2,44
497,3,40
497,4,39
497,5,38
498,1,49
498,2,44
498,3,40
498,4,39
498,5,38
499,1,49
499,2,44
499,3,40
499,4,39
499,5,38
500,1,49
500,2,44
500,3,41
500,4,39
500,5,38
501,1,49
501,2,44
501,3,41
501,4,39
501,5,38
502,1,49
502,2,44
502,3,41
502,4,39
502,5,38
503,1,49
503,2,44
503,3,41
503,4,39
503,5,38
504,1,49
504,2,44
504,3,40
504,4,40
504,5,38
505,1,49
505,2,44
505,3,40
505,4,40
505,5,38
506,1,49
506,2,44
506,3,40
506,4,40
506,5,39
507,1,49
507,2,44
507,3,40
507,4,40
507,5,39
508,1,49
508,2,44
508,3,40
508,4,40
508,5,39
509,1,49
509,2,44
509,3,40
509,4,40
509,5,39
510,1,49
510,2,45
510,3,40
510,4,40
510,5,39
511,1,49
511,2,45
511,3,40
511,4,40
511,5,39
512,1,49
512,2,45
512,3,40
512,4,39
512,5,39
513,1,49
513,2,45
513,3,40
513,4,40
513,5,39
514,1,49
514,2,45
514,3,41
514,4,40
514,5,39
515,1,49
515,2,45
515,3,41
515,4,40
515,5,39
516,1,49
516,2,45
516,3,41
516,4,39
516,5,39
517,1,49
517,2,45
517,3,41
517,4,40
517,5,39
518,1,49
518,2,45
518,3,41
518,4,40
518,5,39
519,1,49
519,2,45
519,3,41
519,4,39
519,5,39
520,1,48
520,2,45
520,3,41
520,4,39
520,5,39
521,1,48
521,2,45
521,3,41
521,4,39
521,5,39
522,1,48
522,2,45
522,3,41
522,4,40
522,5,39
523,1,48
523,2,45
523,3,41
523,4,39
523,5,39
524,1,49
524,2,46
524,3,41
524,4,40
524,5,39
525,1,49
525,2,46
525,3,41
525,4,40
525,5,39
526,1,49
526,2,46
526,3,41
526,4,40
526,5,39
527,1,49
527,2,46
527,3,41
527,4,40
527,5,39
528,1,49
528,2,46
528,3,42
528,4,40
528,5,39
529,1,49
529,2,46
529,3,42
529,4,40
529,5,39
530,1,49
530,2,46
530,3,42
530,4,40
530,5,39
531,1,49
531,2,46
531,3,42
531,4,40
531,5,39
532,1,49
532,2,46
532,3,42
532,4,40
532,5,39
533,1,49
533,2,46
533,3,42
533,4,40
533,5,39
534,1,49
534,2,46
534,3,42
534,4,41
534,5,39
535,1,49
535,2,46
535,3,42
535,4,41
535,5,39
536,1,49
536,2,46
536,3,42
536,4,41
536,5,39
537,1,49
537,2,46
537,3,42
537,4,41
537,5,39
538,1,50
538,2,46
538,3,42
538,4,41
538,5,39
539,1,50
539,2,46
539,3,42
539,4,41
539,5,39
540,1,50
540,2,46
540,3,42
540,4,41
540,5,40
541,1,51
541,2,46
541,3,42
541,4,41
541,5,40
542,1,50
542,2,46
542,3,43
542,4,41
542,5,40
543,1,51
543,2,46
543,3,43
543,4,41
543,5,40
544,1,51
544,2,47
544,3,43
544,4,41
544,5,40
545,1,49
545,2,47
545,3,43
545,4,41
545,5,40
546,1,46
546,2,47
546,3,43
546,4,41
546,5,40
547,1,45
547,2,47
547,3,43
547,4,41
547,5,40
548,1,46
548,2,48
548,3,43
548,4,41
548,5,40
549,1,46
549,2,48
549,3,43
549,4,42
549,5,40
550,1,46
550,2,48
550,3,43
550,4,42
550,5,40
551,1,46
551,2,48
551,3,44
551,4,42
551,5,40
552,1,40
552,2,48
552,3,44
552,4,42
552,5,40
553,2,48
553,3,44
553,4,42
553,5,41
554,2,48
554,3,44
554,4,42
554,5,41
555,2,48
555,3,44
555,4,42
555,5,41
556,2,48
556,3,44
556,4,42
556,5,41
557,2,48
557,3,44
557,4,42
557,5,41
558,2,48
558,3,44
558,4,42
558,5,41
559,2,49
559,3,44
559,4,42
559,5,41
560,2,49
560,3,44
560,4,43
560,5,41
561,2,49
561,3,44
561,4,43
561,5,41
562,2,49
562,3,44
562,4,42
562,5,41
563,2,49
563,3,44
563,4,43
563,5,41
564,2,49
564,3,44
564,4,43
564,5,40
565,2,49
565,3,44
565,4,43
565,5,40
566,2,49
566,3,44
566,4,43
566,5,41
567,2,49
567,3,44
567,4,43
567,5,41
568,2,48
568,3,44
568,4,43
568,5,41
569,2,49
569,3,44
569,4,43
569,5,41
570,2,49
570,3,44
570,4,43
570,5,41
571,2,49
571,3,44
571,4,43
571,5,41
572,2,49
572,3,44
572,4,43
572,5,41
573,2,49
573,3,44
573,4,43
573,5,41
574,2,49
574,3,45
574,4,43
574,5,41
575,2,49
575,3,45
575,4,43
575,5,41
576,2,49
576,3,45
576,4,43
576,5,41
577,2,49
577,3,45
577,4,43
577,5,41
578,2,49
578,3,45
578,4,43
578,5,41
579,2,49
579,3,45
579,4,43
579,5,41
580,2,49
580,3,45
580,4,43
580,5,41
581,2,49
581,3,45
581,4,43
581,5,41
582,2,49
582,3,45
582,4,43
582,5,41
583,2,49
583,3,45
583,4,43
583,5,41
584,2,49
584,3,45
584,4,43
584,5,41
585,2,49
585,3,45
585,4,43
585,5,41
586,2,49
586,3,45
586,4,43
586,5,41
587,2,49
587,3,45
587,4,43
587,5,41
588,2,49
588,3,45
588,4,43
588,5,41
589,2,49
589,3,46
589,4,43
589,5,41
590,2,49
590,3,46
590,4,43
590,5,41
591,2,49
591,3,46
591,4,43
591,5,41
592,2,49
592,3,46
592,4,43
592,5,41
593,2,50
593,3,46
593,4,43
593,5,41
594,2,50
594,3,46
594,4,43
594,5,41
595,2,50
595,3,46
595,4,44
595,5,41
596,2,50
596,3,46
596,4,44
596,5,41
597,2,50
597,3,46
597,4,44
597,5,41
598,2,50
598,3,46
598,4,44
598,5,41
599,2,50
599,3,46
599,4,44
599,5,42
600,2,51
600,3,46
600,4,44
600,5,42
601,2,51
601,3,46
601,4,44
601,5,42
602,2,50
602,3,46
602,4,44
602,5,42
603,2,50
603,3,46
603,4,44
603,5,42
604,2,50
604,3,46
604,4,44
604,5,42
605,2,50
605,3,46
605,4,44
605,5,42
606,2,50
606,3,46
606,4,44
606,5,42
607,2,51
607,3,46
607,4,44
607,5,42
608,2,51
608,3,47
608,4,45
608,5,42
609,2,51
609,3,47
609,4,45
609,5,42
610,2,51
610,3,47
610,4,45
610,5,42
611,2,51
611,3,47
611,4,45
611,5,43
612,2,52
612,3,47
612,4,45
612,5,43
613,2,52
613,3,47
613,4,45
613,5,43
614,2,52
614,3,47
614,4,45
614,5,43
615,2,52
615,3,47
615,4,45
615,5,43
616,2,52
616,3,47
616,4,45
616,5,43
617,2,52
617,3,48
617,4,45
617,5,43
618,2,51
618,3,48
618,4,45
618,5,43
619,2,51
619,3,48
619,4,45
619,5,43
620,2,51
620,3,48
620,4,45
620,5,43
621,2,51
621,3,48
621,4,45
621,5,43
622,2,51
622,3,48
622,4,45
622,5,43
623,2,52
623,3,48
623,4,45
623,5,43
624,2,52
624,3,48
624,4,45
624,5,43
625,2,52
625,3,48
625,4,45
625,5,43
626,2,52
626,3,48
626,4,45
626,5,43
627,2,53
627,3,48
627,4,45
627,5,43
628,2,52
628,3,48
628,4,46
628,5,43
629,2,52
629,3,48
629,4,46
629,5,43
630,2,53
630,3,49
630,4,46
630,5,43
631,2,52
631,3,49
631,4,46
631,5,43
632,2,52
632,3,49
632,4,46
632,5,43
633,2,52
633,3,49
633,4,46
633,5,43
634,2,52
634,3,49
634,4,46
634,5,43
635,2,52
635,3,49
635,4,47
635,5,43
636,2,52
636,3,49
636,4,47
636,5,44
637,2,53
637,3,49
637,4,47
637,5,44
638,2,53
638,3,50
638,4,47
638,5,44
639,2,54
639,3,50
639,4,47
639,5,44
640,2,54
640,3,50
640,4,47
640,5,44
641,2,54
641,3,50
641,4,47
641,5,44
642,2,54
642,3,50
642,4,47
642,5,44
643,2,53
643,3,50
643,4,47
643,5,44
644,2,54
644,3,50
644,4,47
644,5,44
645,2,54
645,3,50
645,4,47
645,5,44
646,2,53
646,3,50
646,4,47
646,5,44
647,2,52
647,3,50
647,4,47
647,5,44
648,2,51
648,3,50
648,4,47
648,5,44
649,2,51
649,3,50
649,4,47
649,5,44
650,2,50
650,3,51
650,4,47
650,5,44
651,2,50
651,3,51
651,4,47
651,5,44
652,2,50
652,3,51
652,4,47
652,5,44
653,2,49
653,3,51
653,4,47
653,5,44
654,2,47
654,3,51
654,4,47
654,5,44
655,2,46
655,3,51
655,4,47
655,5,44
656,2,52
656,3,51
656,4,47
656,5,44
657,3,51
657,4,47
657,5,44
658,3,51
658,4,47
658,5,44
659,3,51
659,4,47
659,5,44
660,3,51
660,4,47
660,5,45
661,3,51
661,4,47
661,5,45
662,3,51
662,4,48
662,5,45
663,3,51
663,4,48
663,5,45
664,3,51
664,4,48
664,5,45
665,3,51
665,4,48
665,5,45
666,3,51
666,4,48
666,5,45
667,3,51
667,4,48
667,5,45
668,3,51
668,4,48
668,5,45
669,3,51
669,4,48
669,5,45
670,3,51
670,4,49
670,5,45
671,3,51
671,4,49
671,5,45
672,3,52
672,4,49
672,5,45
673,3,52
673,4,49
673,5,45
674,3,52
674,4,49
674,5,45
675,3,52
675,4,49
675,5,45
676,3,52
676,4,49
676,5,45
677,3,51
677,4,49
677,5,46
678,3,51
678,4,49
678,5,46
679,3,51
679,4,49
679,5,46
680,3,51
680,4,49
680,5,46
681,3,51
681,4,49
681,5,46
682,3,52
682,4,49
682,5,46
683,3,51
683,4,49
683,5,46
684,3,52
684,4,49
684,5,46
685,3,52
685,4,49
685,5,46
686,3,52
686,4,49
686,5,46
687,3,52
687,4,49
687,5,46
688,3,52
688,4,50
688,5,46
689,3,52
689,4,50
689,5,46
690,3,52
690,4,50
690,5,46
691,3,52
691,4,50
691,5,46
692,3,52
692,4,50
692,5,46
693,3,52
693,4,50
693,5,47
694,3,52
694,4,50
694,5,47
695,3,52
695,4,50
695,5,47
696,3,52
696,4,50
696,5,47
697,3,52
697,4,50
697,5,47
698,3,52
698,4,50
698,5,47
699,3,53
699,4,50
699,5,47
700,3,52
700,4,51
700,5,47
701,3,52
701,4,51
701,5,47
702,3,53
702,4,51
702,5,47
703,3,53
703,4,51
703,5,47
704,3,53
704,4,51
704,5,47
705,3,53
705,4,51
705,5,47
706,3,53
706,4,51
706,5,47
707,3,53
707,4,51
707,5,47
708,3,53
708,4,51
708,5,47
709,3,53
709,4,51
709,5,48
710,3,53
710,4,51
710,5,48
711,3,53
711,4,52
711,5,48
712,3,54
712,4,52
712,5,48
713,3,54
713,4,52
713,5,48
714,3,54
714,4,52
714,5,48
715,3,54
715,4,52
715,5,48
716,3,54
716,4,52
716,5,48
717,3,53
717,4,52
717,5,48
718,3,53
718,4,52
718,5,48
719,3,54
719,4,52
719,5,48
720,3,54
720,4,52
720,5,48
721,3,54
721,4,52
721,5,48
722,3,52
722,4,52
722,5,48
723,3,51
723,4,52
723,5,48
724,3,47
724,4,52
724,5,48
725,3,46
725,4,53
725,5,48
726,4,53
726,5,49
727,4,53
727,5,49
728,4,53
728,5,49
729,4,53
729,5,49
730,4,53
730,5,49
731,4,53
731,5,49
732,4,53
732,5,49
733,4,53
733,5,49
734,4,53
734,5,49
735,4,53
735,5,49
736,4,53
736,5,49
737,4,53
737,5,50
738,4,53
738,5,50
739,4,53
739,5,50
740,4,53
740,5,50
741,4,53
741,5,50
742,4,54
742,5,50
743,4,54
743,5,50
744,4,54
744,5,50
745,4,54
745,5,50
746,4,54
746,5,50
747,4,54
747,5,50
748,4,55
748,5,50
749,4,55
749,5,50
750,4,55
750,5,50
751,4,55
751,5,50
752,4,55
752,5,50
753,4,54
753,5,50
754,4,54
754,5,50
755,4,54
755,5,51
756,4,55
756,5,51
757,4,55
757,5,51
758,4,55
758,5,51
759,4,55
759,5,51
760,4,56
760,5,51
761,4,56
761,5,51
762,4,56
762,5,51
763,4,56
763,5,51
764,4,57
764,5,52
765,4,57
765,5,52
766,4,57
766,5,52
767,4,57
767,5,52
768,4,57
768,5,52
769,4,57
769,5,52
770,4,57
770,5,52
771,4,57
771,5,52
772,4,57
772,5,52
773,4,56
773,5,52
774,4,57
774,5,52
775,4,57
775,5,52
776,4,57
776,5,52
777,4,57
777,5,53
778,4,56
778,5,53
779,4,56
779,5,52
780,4,56
780,5,53
781,4,56
781,5,53
782,4,56
782,5,53
783,4,57
783,5,53
784,4,57
784,5,53
785,4,58
785,5,53
786,4,58
786,5,53
787,4,58
787,5,53
788,4,57
788,5,54
789,4,58
789,5,54
790,4,57
790,5,54
791,4,57
791,5,54
792,4,55
792,5,54
793,4,53
793,5,54
794,4,52
794,5,54
795,4,52
795,5,54
796,4,53
796,5,54
797,4,51
797,5,54
798,4,49
798,5,54
799,5,54
800,5,54
801,5,54
802,5,54
803,5,54
804,5,54
805,5,54
806,5,54
807,5,54
808,5,54
809,5,55
810,5,55
811,5,55
812,5,55
813,5,55
814,5,55
815,5,55
816,5,55
817,5,55
818,5,55
819,5,55
820,5,55
821,5,55
822,5,55
823,5,55
824,5,55
825,5,55
826,5,55
827,5,56
828,5,56
829,5,56
830,5,56
831,5,56
832,5,56
833,5,56
834,5,56
835,5,56
836,5,56
837,5,56
838,5,56
839,5,56
840,5,56
841,5,56
842,5,56
843,5,56
844,5,56
845,5,56
846,5,56
847,5,56
848,5,57
849,5,56
850,5,56
851,5,56
852,5,56
853,5,56
854,5,56
855,5,56
856,5,56
857,5,56
858,5,56
859,5,56
860,5,56
861,5,56
862,5,55
863,5,55
864,5,55
865,5,55
866,5,55
867,5,55
868,5,55
869,5,55
870,5,55
871,5,55
872,5,55
873,5,55
874,5,55
875,5,55
876,5,55
877,5,55
878,5,55
879,5,56
880,5,56
881,5,56
882,5,56
883,5,56
884,5,56
885,5,56
886,5,56
887,5,56
888,5,57
889,5,57
890,5,58
891,5,58
892,5,58
893,5,57
894,5,57
895,5,57
896,5,56
897,5,57
898,5,57
899,5,57
900,5,57
901,5,57
902,5,56
903,5,56
904,5,57
905,5,57
906,5,55
907,5,55
908,5,55
909,5,56
910,5,56
911,5,55
912,5,56
913,5,55
914,5,55
915,5,55
916,5,55
917,5,55
918,5,54
919,5,55
920,5,55
921,5,56
922,5,57
923,5,57
924,5,56
925,5,56
926,5,56
927,5,56
928,5,56
929,5,56
930,5,56
931,5,55
932,5,55
933,5,56
934,5,55
935,5,56
936,5,56
937,5,56
938,5,56
939,5,56
940,5,56
941,5,56
942,5,56
943,5,56
944,5,56
945,5,57
946,5,57
947,5,57
948,5,58
949,5,58
950,5,58
951,5,58
952,5,58
953,5,58
954,5,58
955,5,59
956,5,58
957,5,58
958,5,58
959,5,59
960,5,59
961,5,59
962,5,60
963,5,60
964,5,61
965,5,60
966,5,61
967,5,61
968,5,60
969,5,59
970,5,59
971,5,59
972,5,58
973,5,58
974,5,58
975,5,58
976,5,58
977,5,58
978,5,60
979,5,60
980,5,60
981,5,61
982,5,61
983,5,61
984,5,61
985,5,61
986,5,60
987,5,60
988,5,59
989,5,60
990,5,60
991,5,60
992,5,60
993,5,61
994,5,62
995,5,62
996,5,62
997,5,63
998,5,64
999,5,65
1000,5,64
1001,5,65
1002,5,65
1003,5,65
1004,5,65
1005,5,65
1006,5,63
1007,5,63
1008,5,64
1009,5,64
1010,5,64
1011,5,64
1012,5,64
1013,5,65
1014,5,63
1015,5,63
1016,5,61
1017,5,60
1018,5,60
1019,5,60
1020,5,59
1021,5,58
1022,5,58
1023,5,62
1024,5,62
1025,5,62
1026,5,62
1027,5,62
1028,5,63
1029,5,64
1030,5,65
1031,5,66
1032,5,66
1033,5,66
1034,5,66
1035,5,65
1036,5,65
1037,5,64
1038,5,64
1039,5,64
1040,5,64
1041,5,64
1042,5,66
1043,5,66
1044,5,65
1045,5,64
1046,5,65
1047,5,64
1048,5,64
1049,5,64
1050,5,64
1051,5,64
1052,5,64
1053,5,65
1054,5,65
1055,5,65
1056,5,67
1057,5,68
1058,5,68
1059,5,68
1060,5,67
1061,5,68
1062,5,68
1063,5,67
1064,5,67
1065,5,66
1066,5,66
1067,5,67
1068,5,67
1069,5,67
1070,5,67
1071,5,67
1072,5,67
1073,5,66
1074,5,65
1075,5,65
1076,5,64
1077,5,66
1078,5,67
1079,5,68
1080,5,66
