max_speed_quintile,time,O2_rate_rolling
1,0,16.54
1,1,16.54
1,2,16.54
1,3,16.54
1,4,16.53
1,5,16.53
1,6,16.53
1,7,16.53
1,8,16.54
1,9,16.55
1,10,16.57
1,11,16.6
1,12,16.64
1,13,16.68
1,14,16.73
1,15,16.79
1,16,16.85
1,17,16.91
1,18,16.97
1,19,17.02
1,20,17.07
1,21,17.12
1,22,17.16
1,23,17.2
1,24,17.24
1,25,17.28
1,26,17.31
1,27,17.34
1,28,17.37
1,29,17.4
1,30,17.43
1,31,17.47
1,32,17.5
1,33,17.54
1,34,17.58
1,35,17.62
1,36,17.65
1,37,17.69
1,38,17.73
1,39,17.78
1,40,17.83
1,41,17.88
1,42,17.93
1,43,17.98
1,44,18.04
1,45,18.09
1,46,18.16
1,47,18.22
1,48,18.29
1,49,18.35
1,50,18.4
1,51,18.46
1,52,18.52
1,53,18.57
1,54,18.63
1,55,18.68
1,56,18.73
1,57,18.78
1,58,18.83
1,59,18.88
1,60,18.92
1,61,18.97
1,62,19.01
1,63,19.06
1,64,19.12
1,65,19.17
1,66,19.23
1,67,19.29
1,68,19.36
1,69,19.44
1,70,19.53
1,71,19.63
1,72,19.72
1,73,19.82
1,74,19.92
1,75,20.03
1,76,20.14
1,77,20.25
1,78,20.36
1,79,20.47
1,80,20.58
1,81,20.68
1,82,20.78
1,83,20.88
1,84,20.96
1,85,21.04
1,86,21.11
1,87,21.18
1,88,21.24
1,89,21.29
1,90,21.34
1,91,21.4
1,92,21.45
1,93,21.51
1,94,21.56
1,95,21.63
1,96,21.69
1,97,21.77
1,98,21.85
1,99,21.94
1,100,22.03
1,101,22.12
1,102,22.22
1,103,22.32
1,104,22.43
1,105,22.54
1,106,22.65
1,107,22.76
1,108,22.87
1,109,22.97
1,110,23.08
1,111,23.18
1,112,23.28
1,113,23.38
1,114,23.47
1,115,23.56
1,116,23.64
1,117,23.72
1,118,23.8
1,119,23.88
1,120,23.96
1,121,24.04
1,122,24.13
1,123,24.22
1,124,24.32
1,125,24.43
1,126,24.55
1,127,24.67
1,128,24.8
1,129,24.94
1,130,25.07
1,131,25.22
1,132,25.36
1,133,25.5
1,134,25.64
1,135,25.77
1,136,25.88
1,137,25.99
1,138,26.09
1,139,26.19
1,140,26.28
1,141,26.37
1,142,26.45
1,143,26.54
1,144,26.62
1,145,26.69
1,146,26.76
1,147,26.84
1,148,26.91
1,149,26.98
1,150,27.05
1,151,27.13
1,152,27.21
1,153,27.3
1,154,27.38
1,155,27.49
1,156,27.6
1,157,27.71
1,158,27.83
1,159,27.95
1,160,28.07
1,161,28.19
1,162,28.3
1,163,28.41
1,164,28.53
1,165,28.64
1,166,28.75
1,167,28.85
1,168,28.94
1,169,29.04
1,170,29.13
1,171,29.22
1,172,29.3
1,173,29.38
1,174,29.46
1,175,29.52
1,176,29.58
1,177,29.63
1,178,29.68
1,179,29.75
1,180,29.81
1,181,29.87
1,182,29.93
1,183,29.99
1,184,30.05
1,185,30.13
1,186,30.22
1,187,30.31
1,188,30.41
1,189,30.5
1,190,30.61
1,191,30.71
1,192,30.81
1,193,30.92
1,194,31.02
1,195,31.11
1,196,31.19
1,197,31.26
1,198,31.33
1,199,31.4
1,200,31.45
1,201,31.51
1,202,31.56
1,203,31.61
1,204,31.66
1,205,31.72
1,206,31.77
1,207,31.83
1,208,31.89
1,209,31.95
1,210,32.0
1,211,32.04
1,212,32.08
1,213,32.12
1,214,32.15
1,215,32.19
1,216,32.23
1,217,32.29
1,218,32.34
1,219,32.39
1,220,32.46
1,221,32.54
1,222,32.62
1,223,32.7
1,224,32.78
1,225,32.86
1,226,32.93
1,227,32.99
1,228,33.04
1,229,33.09
1,230,33.13
1,231,33.17
1,232,33.21
1,233,33.25
1,234,33.29
1,235,33.34
1,236,33.39
1,237,33.44
1,238,33.48
1,239,33.53
1,240,33.59
1,241,33.63
1,242,33.69
1,243,33.74
1,244,33.79
1,245,33.85
1,246,33.91
1,247,33.97
1,248,34.04
1,249,34.11
1,250,34.17
1,251,34.23
1,252,34.29
1,253,34.36
1,254,34.42
1,255,34.48
1,256,34.54
1,257,34.6
1,258,34.65
1,259,34.7
1,260,34.76
1,261,34.81
1,262,34.86
1,263,34.9
1,264,34.94
1,265,34.98
1,266,35.0
1,267,35.04
1,268,35.06
1,269,35.09
1,270,35.12
1,271,35.16
1,272,35.2
1,273,35.24
1,274,35.3
1,275,35.36
1,276,35.43
1,277,35.5
1,278,35.58
1,279,35.66
1,280,35.74
1,281,35.81
1,282,35.87
1,283,35.94
1,284,36.0
1,285,36.06
1,286,36.13
1,287,36.18
1,288,36.23
1,289,36.29
1,290,36.35
1,291,36.4
1,292,36.46
1,293,36.51
1,294,36.56
1,295,36.61
1,296,36.64
1,297,36.68
1,298,36.71
1,299,36.73
1,300,36.76
1,301,36.79
1,302,36.81
1,303,36.84
1,304,36.87
1,305,36.91
1,306,36.95
1,307,36.99
1,308,37.03
1,309,37.07
1,310,37.11
1,311,37.15
1,312,37.2
1,313,37.25
1,314,37.31
1,315,37.36
1,316,37.41
1,317,37.46
1,318,37.51
1,319,37.57
1,320,37.6
1,321,37.63
1,322,37.66
1,323,37.67
1,324,37.68
1,325,37.69
1,326,37.7
1,327,37.72
1,328,37.74
1,329,37.77
1,330,37.81
1,331,37.86
1,332,37.92
1,333,37.98
1,334,38.04
1,335,38.11
1,336,38.16
1,337,38.22
1,338,38.29
1,339,38.35
1,340,38.42
1,341,38.48
1,342,38.52
1,343,38.56
1,344,38.58
1,345,38.59
1,346,38.59
1,347,38.59
1,348,38.58
1,349,38.56
1,350,38.53
1,351,38.51
1,352,38.49
1,353,38.48
1,354,38.48
1,355,38.49
1,356,38.52
1,357,38.53
1,358,38.56
1,359,38.58
1,360,38.6
1,361,38.63
1,362,38.65
1,363,38.67
1,364,38.69
1,365,38.71
1,366,38.75
1,367,38.79
1,368,38.83
1,369,38.87
1,370,38.92
1,371,38.96
1,372,38.99
1,373,39.0
1,374,39.01
1,375,39.02
1,376,38.98
1,377,38.95
1,378,38.91
1,379,38.85
1,380,38.79
1,381,38.74
1,382,38.7
1,383,38.68
1,384,38.65
1,385,38.64
1,386,38.64
1,387,38.65
1,388,38.67
1,389,38.69
1,390,38.72
1,391,38.75
1,392,38.79
1,393,38.83
1,394,38.86
1,395,38.89
1,396,38.91
1,397,38.92
1,398,38.93
1,399,38.95
1,400,38.96
1,401,38.96
1,402,38.95
1,403,38.95
1,404,38.94
1,405,38.94
1,406,38.9
1,407,38.87
1,408,38.84
1,409,38.78
1,410,38.72
1,411,38.68
1,412,38.62
1,413,38.56
1,414,38.51
1,415,38.46
1,416,38.44
1,417,38.44
1,418,38.43
1,419,38.44
1,420,38.45
1,421,38.45
1,422,38.47
1,423,38.5
1,424,38.53
1,425,38.56
1,426,38.59
1,427,38.63
1,428,38.67
1,429,38.71
1,430,38.76
1,431,38.79
1,432,38.83
1,433,38.86
1,434,38.88
1,435,38.91
1,436,38.92
1,437,38.92
1,438,38.91
1,439,38.89
1,440,38.85
1,441,38.81
1,442,38.73
1,443,38.62
1,444,38.53
1,445,38.43
1,446,38.3
1,447,38.19
1,448,38.11
1,449,38.04
1,450,37.99
1,451,37.95
1,452,37.94
1,453,37.95
1,454,37.96
1,455,37.98
1,456,38.03
1,457,38.08
1,458,38.11
1,459,38.09
1,460,38.07
1,461,38.03
1,462,37.99
1,463,37.98
1,464,37.95
1,465,37.92
1,466,37.89
1,467,37.85
1,468,37.82
1,469,37.83
1,470,37.85
1,471,37.87
1,472,37.9
1,473,37.93
1,474,37.93
1,475,37.94
1,476,37.94
1,477,37.94
1,478,37.95
1,479,37.98
1,480,38.01
1,481,38.05
1,482,38.06
1,483,38.09
1,484,38.13
1,485,38.15
1,486,38.18
1,487,38.21
1,488,38.24
1,489,38.26
1,490,38.27
1,491,38.26
1,492,38.26
1,493,38.24
1,494,38.24
1,495,38.23
1,496,38.23
1,497,38.23
1,498,38.21
1,499,38.18
1,500,38.18
1,501,38.18
1,502,38.2
1,503,38.22
1,504,38.25
1,505,38.28
1,506,38.32
1,507,38.34
1,508,38.36
1,509,38.38
1,510,38.37
1,511,38.38
1,512,38.4
1,513,38.44
1,514,38.46
1,515,38.46
1,516,38.47
1,517,38.47
1,518,38.46
1,519,38.44
1,520,38.46
1,521,38.46
1,522,38.46
1,523,38.42
1,524,38.36
1,525,38.33
1,526,38.32
1,527,38.29
1,528,38.29
1,529,38.26
1,530,38.2
1,531,38.12
1,532,38.08
1,533,38.12
1,534,38.16
1,535,38.19
1,536,38.2
1,537,38.21
1,538,38.24
1,539,38.26
1,540,38.28
1,541,38.29
1,542,38.19
1,543,38.07
1,544,37.97
1,545,37.83
1,546,37.83
1,547,37.79
1,548,37.75
1,549,37.74
1,550,37.73
1,551,37.84
1,552,37.63
2,0,15.83
2,1,15.84
2,2,15.84
2,3,15.85
2,4,15.86
2,5,15.88
2,6,15.89
2,7,15.91
2,8,15.93
2,9,15.95
2,10,15.99
2,11,16.03
2,12,16.07
2,13,16.12
2,14,16.17
2,15,16.22
2,16,16.27
2,17,16.32
2,18,16.36
2,19,16.4
2,20,16.45
2,21,16.49
2,22,16.53
2,23,16.58
2,24,16.62
2,25,16.66
2,26,16.7
2,27,16.73
2,28,16.77
2,29,16.8
2,30,16.83
2,31,16.86
2,32,16.89
2,33,16.91
2,34,16.93
2,35,16.95
2,36,16.97
2,37,16.99
2,38,17.0
2,39,17.02
2,40,17.04
2,41,17.06
2,42,17.08
2,43,17.09
2,44,17.11
2,45,17.13
2,46,17.15
2,47,17.18
2,48,17.21
2,49,17.24
2,50,17.28
2,51,17.32
2,52,17.35
2,53,17.39
2,54,17.43
2,55,17.47
2,56,17.51
2,57,17.55
2,58,17.58
2,59,17.61
2,60,17.64
2,61,17.67
2,62,17.7
2,63,17.73
2,64,17.76
2,65,17.8
2,66,17.84
2,67,17.88
2,68,17.93
2,69,17.99
2,70,18.05
2,71,18.12
2,72,18.2
2,73,18.29
2,74,18.38
2,75,18.48
2,76,18.58
2,77,18.68
2,78,18.78
2,79,18.88
2,80,18.97
2,81,19.07
2,82,19.16
2,83,19.24
2,84,19.32
2,85,19.39
2,86,19.45
2,87,19.51
2,88,19.57
2,89,19.62
2,90,19.68
2,91,19.74
2,92,19.79
2,93,19.84
2,94,19.89
2,95,19.95
2,96,20.01
2,97,20.07
2,98,20.14
2,99,20.21
2,100,20.29
2,101,20.37
2,102,20.45
2,103,20.53
2,104,20.62
2,105,20.71
2,106,20.81
2,107,20.91
2,108,21.01
2,109,21.12
2,110,21.22
2,111,21.32
2,112,21.41
2,113,21.51
2,114,21.61
2,115,21.7
2,116,21.79
2,117,21.88
2,118,21.95
2,119,22.02
2,120,22.08
2,121,22.15
2,122,22.22
2,123,22.28
2,124,22.33
2,125,22.39
2,126,22.46
2,127,22.53
2,128,22.61
2,129,22.7
2,130,22.8
2,131,22.91
2,132,23.03
2,133,23.16
2,134,23.29
2,135,23.43
2,136,23.57
2,137,23.7
2,138,23.83
2,139,23.95
2,140,24.07
2,141,24.17
2,142,24.28
2,143,24.38
2,144,24.47
2,145,24.56
2,146,24.65
2,147,24.74
2,148,24.82
2,149,24.9
2,150,24.98
2,151,25.06
2,152,25.14
2,153,25.23
2,154,25.31
2,155,25.38
2,156,25.46
2,157,25.55
2,158,25.65
2,159,25.75
2,160,25.85
2,161,25.95
2,162,26.04
2,163,26.11
2,164,26.19
2,165,26.26
2,166,26.34
2,167,26.41
2,168,26.48
2,169,26.53
2,170,26.59
2,171,26.65
2,172,26.72
2,173,26.81
2,174,26.9
2,175,26.99
2,176,27.08
2,177,27.17
2,178,27.26
2,179,27.35
2,180,27.43
2,181,27.51
2,182,27.58
2,183,27.65
2,184,27.71
2,185,27.76
2,186,27.82
2,187,27.88
2,188,27.94
2,189,28.0
2,190,28.07
2,191,28.15
2,192,28.24
2,193,28.32
2,194,28.4
2,195,28.49
2,196,28.58
2,197,28.67
2,198,28.75
2,199,28.81
2,200,28.87
2,201,28.92
2,202,28.97
2,203,29.03
2,204,29.09
2,205,29.14
2,206,29.19
2,207,29.24
2,208,29.29
2,209,29.36
2,210,29.42
2,211,29.49
2,212,29.55
2,213,29.6
2,214,29.66
2,215,29.72
2,216,29.78
2,217,29.83
2,218,29.88
2,219,29.93
2,220,29.97
2,221,30.02
2,222,30.05
2,223,30.09
2,224,30.12
2,225,30.14
2,226,30.18
2,227,30.21
2,228,30.25
2,229,30.29
2,230,30.33
2,231,30.38
2,232,30.44
2,233,30.49
2,234,30.55
2,235,30.6
2,236,30.65
2,237,30.7
2,238,30.74
2,239,30.78
2,240,30.81
2,241,30.84
2,242,30.87
2,243,30.89
2,244,30.92
2,245,30.95
2,246,30.99
2,247,31.03
2,248,31.07
2,249,31.12
2,250,31.19
2,251,31.25
2,252,31.3
2,253,31.37
2,254,31.43
2,255,31.5
2,256,31.56
2,257,31.62
2,258,31.68
2,259,31.72
2,260,31.76
2,261,31.8
2,262,31.85
2,263,31.9
2,264,31.94
2,265,31.98
2,266,32.02
2,267,32.05
2,268,32.09
2,269,32.12
2,270,32.17
2,271,32.21
2,272,32.24
2,273,32.27
2,274,32.3
2,275,32.33
2,276,32.37
2,277,32.42
2,278,32.47
2,279,32.51
2,280,32.56
2,281,32.6
2,282,32.64
2,283,32.68
2,284,32.7
2,285,32.73
2,286,32.76
2,287,32.78
2,288,32.8
2,289,32.81
2,290,32.83
2,291,32.85
2,292,32.88
2,293,32.91
2,294,32.96
2,295,33.0
2,296,33.03
2,297,33.06
2,298,33.09
2,299,33.12
2,300,33.16
2,301,33.19
2,302,33.23
2,303,33.26
2,304,33.3
2,305,33.34
2,306,33.38
2,307,33.43
2,308,33.48
2,309,33.53
2,310,33.58
2,311,33.62
2,312,33.67
2,313,33.73
2,314,33.78
2,315,33.83
2,316,33.87
2,317,33.91
2,318,33.97
2,319,34.01
2,320,34.05
2,321,34.09
2,322,34.13
2,323,34.17
2,324,34.2
2,325,34.24
2,326,34.28
2,327,34.32
2,328,34.36
2,329,34.41
2,330,34.46
2,331,34.51
2,332,34.56
2,333,34.59
2,334,34.63
2,335,34.66
2,336,34.7
2,337,34.72
2,338,34.75
2,339,34.78
2,340,34.8
2,341,34.83
2,342,34.86
2,343,34.9
2,344,34.95
2,345,35.0
2,346,35.04
2,347,35.09
2,348,35.14
2,349,35.2
2,350,35.24
2,351,35.3
2,352,35.34
2,353,35.39
2,354,35.44
2,355,35.49
2,356,35.54
2,357,35.59
2,358,35.63
2,359,35.66
2,360,35.7
2,361,35.73
2,362,35.75
2,363,35.77
2,364,35.79
2,365,35.82
2,366,35.84
2,367,35.87
2,368,35.9
2,369,35.94
2,370,35.99
2,371,36.05
2,372,36.11
2,373,36.18
2,374,36.23
2,375,36.29
2,376,36.34
2,377,36.39
2,378,36.42
2,379,36.46
2,380,36.49
2,381,36.5
2,382,36.51
2,383,36.52
2,384,36.53
2,385,36.54
2,386,36.56
2,387,36.57
2,388,36.59
2,389,36.6
2,390,36.63
2,391,36.67
2,392,36.71
2,393,36.77
2,394,36.82
2,395,36.86
2,396,36.91
2,397,36.95
2,398,37.0
2,399,37.04
2,400,37.08
2,401,37.11
2,402,37.13
2,403,37.14
2,404,37.16
2,405,37.17
2,406,37.18
2,407,37.2
2,408,37.21
2,409,37.23
2,410,37.24
2,411,37.26
2,412,37.3
2,413,37.34
2,414,37.37
2,415,37.4
2,416,37.44
2,417,37.48
2,418,37.52
2,419,37.56
2,420,37.59
2,421,37.62
2,422,37.63
2,423,37.65
2,424,37.67
2,425,37.7
2,426,37.73
2,427,37.75
2,428,37.79
2,429,37.82
2,430,37.87
2,431,37.92
2,432,37.97
2,433,38.03
2,434,38.08
2,435,38.13
2,436,38.18
2,437,38.22
2,438,38.26
2,439,38.29
2,440,38.32
2,441,38.35
2,442,38.38
2,443,38.4
2,444,38.42
2,445,38.44
2,446,38.45
2,447,38.48
2,448,38.51
2,449,38.55
2,450,38.58
2,451,38.61
2,452,38.63
2,453,38.67
2,454,38.71
2,455,38.75
2,456,38.78
2,457,38.81
2,458,38.84
2,459,38.86
2,460,38.89
2,461,38.91
2,462,38.94
2,463,38.97
2,464,39.0
2,465,39.04
2,466,39.09
2,467,39.13
2,468,39.17
2,469,39.22
2,470,39.27
2,471,39.31
2,472,39.35
2,473,39.39
2,474,39.42
2,475,39.43
2,476,39.45
2,477,39.46
2,478,39.46
2,479,39.48
2,480,39.5
2,481,39.52
2,482,39.55
2,483,39.57
2,484,39.59
2,485,39.63
2,486,39.67
2,487,39.72
2,488,39.76
2,489,39.8
2,490,39.84
2,491,39.88
2,492,39.92
2,493,39.96
2,494,39.99
2,495,40.01
2,496,40.04
2,497,40.08
2,498,40.11
2,499,40.12
2,500,40.13
2,501,40.13
2,502,40.14
2,503,40.15
2,504,40.17
2,505,40.18
2,506,40.18
2,507,40.18
2,508,40.19
2,509,40.21
2,510,40.23
2,511,40.27
2,512,40.32
2,513,40.37
2,514,40.41
2,515,40.46
2,516,40.51
2,517,40.57
2,518,40.62
2,519,40.67
2,520,40.71
2,521,40.74
2,522,40.75
2,523,40.78
2,524,40.81
2,525,40.85
2,526,40.88
2,527,40.9
2,528,40.93
2,529,40.96
2,530,41.0
2,531,41.03
2,532,41.06
2,533,41.08
2,534,41.08
2,535,41.09
2,536,41.09
2,537,41.08
2,538,41.06
2,539,41.05
2,540,41.04
2,541,41.03
2,542,41.03
2,543,41.04
2,544,41.06
2,545,41.09
2,546,41.13
2,547,41.18
2,548,41.23
2,549,41.29
2,550,41.33
2,551,41.39
2,552,41.44
2,553,41.47
2,554,41.48
2,555,41.5
2,556,41.51
2,557,41.52
2,558,41.53
2,559,41.55
2,560,41.57
2,561,41.59
2,562,41.61
2,563,41.65
2,564,41.7
2,565,41.74
2,566,41.78
2,567,41.83
2,568,41.87
2,569,41.91
2,570,41.93
2,571,41.96
2,572,41.98
2,573,42.0
2,574,42.01
2,575,42.05
2,576,42.09
2,577,42.12
2,578,42.16
2,579,42.19
2,580,42.24
2,581,42.3
2,582,42.39
2,583,42.5
2,584,42.59
2,585,42.67
2,586,42.74
2,587,42.8
2,588,42.86
2,589,42.93
2,590,42.97
2,591,43.0
2,592,42.99
2,593,42.97
2,594,42.96
2,595,42.97
2,596,43.0
2,597,43.04
2,598,43.09
2,599,43.15
2,600,43.2
2,601,43.27
2,602,43.33
2,603,43.41
2,604,43.46
2,605,43.49
2,606,43.53
2,607,43.56
2,608,43.58
2,609,43.6
2,610,43.64
2,611,43.67
2,612,43.72
2,613,43.77
2,614,43.85
2,615,43.93
2,616,43.99
2,617,44.05
2,618,44.09
2,619,44.14
2,620,44.19
2,621,44.25
2,622,44.31
2,623,44.33
2,624,44.35
2,625,44.36
2,626,44.37
2,627,44.39
2,628,44.42
2,629,44.4
2,630,44.34
2,631,44.26
2,632,44.23
2,633,44.2
2,634,44.13
2,635,44.05
2,636,43.98
2,637,43.91
2,638,43.86
2,639,43.84
2,640,43.87
2,641,43.92
2,642,43.92
2,643,43.93
2,644,43.97
2,645,44.03
2,646,44.01
2,647,43.93
2,648,43.85
2,649,43.89
2,650,43.9
2,651,44.04
2,652,44.04
2,653,43.96
2,654,43.9
2,655,44.17
2,656,44.43
3,0,15.03
3,1,15.03
3,2,15.04
3,3,15.04
3,4,15.05
3,5,15.07
3,6,15.08
3,7,15.09
3,8,15.11
3,9,15.13
3,10,15.17
3,11,15.2
3,12,15.24
3,13,15.28
3,14,15.32
3,15,15.36
3,16,15.41
3,17,15.46
3,18,15.5
3,19,15.55
3,20,15.6
3,21,15.66
3,22,15.71
3,23,15.77
3,24,15.82
3,25,15.87
3,26,15.92
3,27,15.96
3,28,16.0
3,29,16.03
3,30,16.05
3,31,16.06
3,32,16.08
3,33,16.1
3,34,16.12
3,35,16.15
3,36,16.17
3,37,16.2
3,38,16.23
3,39,16.26
3,40,16.3
3,41,16.33
3,42,16.37
3,43,16.4
3,44,16.42
3,45,16.45
3,46,16.48
3,47,16.51
3,48,16.54
3,49,16.58
3,50,16.61
3,51,16.65
3,52,16.69
3,53,16.74
3,54,16.78
3,55,16.82
3,56,16.86
3,57,16.9
3,58,16.93
3,59,16.97
3,60,17.0
3,61,17.02
3,62,17.04
3,63,17.06
3,64,17.08
3,65,17.1
3,66,17.12
3,67,17.15
3,68,17.18
3,69,17.22
3,70,17.27
3,71,17.33
3,72,17.4
3,73,17.47
3,74,17.56
3,75,17.65
3,76,17.75
3,77,17.85
3,78,17.95
3,79,18.06
3,80,18.16
3,81,18.26
3,82,18.36
3,83,18.45
3,84,18.53
3,85,18.62
3,86,18.69
3,87,18.77
3,88,18.84
3,89,18.91
3,90,18.98
3,91,19.05
3,92,19.12
3,93,19.19
3,94,19.26
3,95,19.34
3,96,19.42
3,97,19.5
3,98,19.58
3,99,19.67
3,100,19.76
3,101,19.85
3,102,19.95
3,103,20.04
3,104,20.13
3,105,20.22
3,106,20.31
3,107,20.4
3,108,20.49
3,109,20.59
3,110,20.7
3,111,20.8
3,112,20.91
3,113,21.01
3,114,21.13
3,115,21.24
3,116,21.35
3,117,21.45
3,118,21.54
3,119,21.62
3,120,21.7
3,121,21.78
3,122,21.85
3,123,21.92
3,124,21.98
3,125,22.04
3,126,22.1
3,127,22.17
3,128,22.25
3,129,22.33
3,130,22.42
3,131,22.52
3,132,22.62
3,133,22.73
3,134,22.85
3,135,22.97
3,136,23.09
3,137,23.22
3,138,23.34
3,139,23.46
3,140,23.57
3,141,23.68
3,142,23.79
3,143,23.9
3,144,24.0
3,145,24.1
3,146,24.19
3,147,24.29
3,148,24.38
3,149,24.47
3,150,24.56
3,151,24.64
3,152,24.72
3,153,24.81
3,154,24.89
3,155,24.98
3,156,25.08
3,157,25.18
3,158,25.28
3,159,25.38
3,160,25.48
3,161,25.59
3,162,25.7
3,163,25.81
3,164,25.91
3,165,26.01
3,166,26.1
3,167,26.19
3,168,26.28
3,169,26.37
3,170,26.45
3,171,26.53
3,172,26.61
3,173,26.68
3,174,26.74
3,175,26.8
3,176,26.85
3,177,26.91
3,178,26.96
3,179,27.0
3,180,27.06
3,181,27.1
3,182,27.14
3,183,27.19
3,184,27.24
3,185,27.31
3,186,27.38
3,187,27.47
3,188,27.56
3,189,27.65
3,190,27.74
3,191,27.85
3,192,27.96
3,193,28.07
3,194,28.19
3,195,28.3
3,196,28.41
3,197,28.51
3,198,28.61
3,199,28.7
3,200,28.8
3,201,28.89
3,202,28.98
3,203,29.07
3,204,29.16
3,205,29.25
3,206,29.33
3,207,29.4
3,208,29.47
3,209,29.53
3,210,29.59
3,211,29.65
3,212,29.71
3,213,29.76
3,214,29.81
3,215,29.86
3,216,29.9
3,217,29.95
3,218,30.0
3,219,30.05
3,220,30.09
3,221,30.13
3,222,30.17
3,223,30.21
3,224,30.26
3,225,30.32
3,226,30.38
3,227,30.44
3,228,30.5
3,229,30.55
3,230,30.61
3,231,30.66
3,232,30.71
3,233,30.75
3,234,30.78
3,235,30.82
3,236,30.85
3,237,30.88
3,238,30.92
3,239,30.95
3,240,30.99
3,241,31.02
3,242,31.06
3,243,31.09
3,244,31.13
3,245,31.17
3,246,31.22
3,247,31.26
3,248,31.31
3,249,31.35
3,250,31.4
3,251,31.45
3,252,31.51
3,253,31.57
3,254,31.62
3,255,31.67
3,256,31.72
3,257,31.76
3,258,31.8
3,259,31.84
3,260,31.88
3,261,31.91
3,262,31.94
3,263,31.96
3,264,31.99
3,265,32.02
3,266,32.05
3,267,32.09
3,268,32.12
3,269,32.17
3,270,32.22
3,271,32.27
3,272,32.32
3,273,32.38
3,274,32.43
3,275,32.49
3,276,32.55
3,277,32.61
3,278,32.67
3,279,32.73
3,280,32.78
3,281,32.83
3,282,32.88
3,283,32.93
3,284,32.98
3,285,33.02
3,286,33.05
3,287,33.08
3,288,33.11
3,289,33.14
3,290,33.16
3,291,33.18
3,292,33.21
3,293,33.23
3,294,33.25
3,295,33.28
3,296,33.3
3,297,33.33
3,298,33.35
3,299,33.38
3,300,33.41
3,301,33.44
3,302,33.48
3,303,33.51
3,304,33.55
3,305,33.59
3,306,33.64
3,307,33.69
3,308,33.74
3,309,33.8
3,310,33.85
3,311,33.91
3,312,33.96
3,313,34.02
3,314,34.08
3,315,34.14
3,316,34.19
3,317,34.24
3,318,34.28
3,319,34.3
3,320,34.33
3,321,34.36
3,322,34.38
3,323,34.41
3,324,34.43
3,325,34.45
3,326,34.47
3,327,34.5
3,328,34.54
3,329,34.59
3,330,34.64
3,331,34.69
3,332,34.74
3,333,34.79
3,334,34.84
3,335,34.9
3,336,34.95
3,337,35.0
3,338,35.05
3,339,35.09
3,340,35.13
3,341,35.18
3,342,35.22
3,343,35.27
3,344,35.31
3,345,35.35
3,346,35.4
3,347,35.44
3,348,35.48
3,349,35.53
3,350,35.57
3,351,35.6
3,352,35.64
3,353,35.69
3,354,35.73
3,355,35.75
3,356,35.77
3,357,35.8
3,358,35.83
3,359,35.86
3,360,35.88
3,361,35.91
3,362,35.94
3,363,35.96
3,364,36.0
3,365,36.05
3,366,36.1
3,367,36.16
3,368,36.22
3,369,36.28
3,370,36.34
3,371,36.39
3,372,36.45
3,373,36.49
3,374,36.53
3,375,36.56
3,376,36.58
3,377,36.59
3,378,36.6
3,379,36.62
3,380,36.63
3,381,36.65
3,382,36.69
3,383,36.72
3,384,36.76
3,385,36.8
3,386,36.84
3,387,36.89
3,388,36.94
3,389,36.99
3,390,37.03
3,391,37.08
3,392,37.14
3,393,37.18
3,394,37.23
3,395,37.29
3,396,37.35
3,397,37.4
3,398,37.46
3,399,37.51
3,400,37.56
3,401,37.6
3,402,37.63
3,403,37.67
3,404,37.7
3,405,37.73
3,406,37.75
3,407,37.77
3,408,37.79
3,409,37.83
3,410,37.86
3,411,37.9
3,412,37.94
3,413,37.97
3,414,38.0
3,415,38.04
3,416,38.07
3,417,38.1
3,418,38.12
3,419,38.14
3,420,38.17
3,421,38.19
3,422,38.22
3,423,38.25
3,424,38.29
3,425,38.33
3,426,38.37
3,427,38.42
3,428,38.47
3,429,38.52
3,430,38.58
3,431,38.62
3,432,38.66
3,433,38.72
3,434,38.77
3,435,38.81
3,436,38.86
3,437,38.89
3,438,38.93
3,439,38.96
3,440,39.0
3,441,39.02
3,442,39.05
3,443,39.07
3,444,39.09
3,445,39.13
3,446,39.16
3,447,39.19
3,448,39.23
3,449,39.28
3,450,39.33
3,451,39.38
3,452,39.43
3,453,39.48
3,454,39.53
3,455,39.57
3,456,39.61
3,457,39.65
3,458,39.68
3,459,39.7
3,460,39.72
3,461,39.76
3,462,39.79
3,463,39.82
3,464,39.85
3,465,39.88
3,466,39.91
3,467,39.95
3,468,39.99
3,469,40.03
3,470,40.07
3,471,40.1
3,472,40.13
3,473,40.17
3,474,40.21
3,475,40.24
3,476,40.27
3,477,40.3
3,478,40.33
3,479,40.36
3,480,40.39
3,481,40.42
3,482,40.45
3,483,40.47
3,484,40.5
3,485,40.54
3,486,40.57
3,487,40.61
3,488,40.65
3,489,40.7
3,490,40.75
3,491,40.8
3,492,40.86
3,493,40.92
3,494,40.98
3,495,41.03
3,496,41.07
3,497,41.11
3,498,41.14
3,499,41.16
3,500,41.18
3,501,41.2
3,502,41.21
3,503,41.22
3,504,41.21
3,505,41.21
3,506,41.22
3,507,41.24
3,508,41.27
3,509,41.31
3,510,41.35
3,511,41.39
3,512,41.43
3,513,41.47
3,514,41.52
3,515,41.58
3,516,41.62
3,517,41.65
3,518,41.68
3,519,41.71
3,520,41.74
3,521,41.77
3,522,41.81
3,523,41.83
3,524,41.87
3,525,41.9
3,526,41.94
3,527,41.97
3,528,42.0
3,529,42.02
3,530,42.04
3,531,42.07
3,532,42.09
3,533,42.13
3,534,42.16
3,535,42.2
3,536,42.25
3,537,42.31
3,538,42.36
3,539,42.43
3,540,42.49
3,541,42.55
3,542,42.61
3,543,42.65
3,544,42.69
3,545,42.72
3,546,42.74
3,547,42.77
3,548,42.79
3,549,42.81
3,550,42.83
3,551,42.86
3,552,42.9
3,553,42.94
3,554,42.98
3,555,43.03
3,556,43.07
3,557,43.1
3,558,43.12
3,559,43.15
3,560,43.16
3,561,43.18
3,562,43.18
3,563,43.19
3,564,43.2
3,565,43.21
3,566,43.22
3,567,43.26
3,568,43.3
3,569,43.34
3,570,43.39
3,571,43.43
3,572,43.48
3,573,43.53
3,574,43.59
3,575,43.65
3,576,43.69
3,577,43.73
3,578,43.77
3,579,43.81
3,580,43.84
3,581,43.87
3,582,43.89
3,583,43.92
3,584,43.94
3,585,43.96
3,586,43.98
3,587,44.01
3,588,44.04
3,589,44.07
3,590,44.1
3,591,44.13
3,592,44.16
3,593,44.2
3,594,44.23
3,595,44.27
3,596,44.31
3,597,44.33
3,598,44.35
3,599,44.37
3,600,44.4
3,601,44.43
3,602,44.46
3,603,44.5
3,604,44.53
3,605,44.56
3,606,44.6
3,607,44.64
3,608,44.69
3,609,44.74
3,610,44.78
3,611,44.82
3,612,44.86
3,613,44.9
3,614,44.94
3,615,44.96
3,616,44.97
3,617,44.98
3,618,44.99
3,619,44.99
3,620,44.99
3,621,44.98
3,622,44.98
3,623,44.97
3,624,44.97
3,625,44.98
3,626,44.99
3,627,45.01
3,628,45.03
3,629,45.05
3,630,45.07
3,631,45.1
3,632,45.12
3,633,45.13
3,634,45.15
3,635,45.17
3,636,45.2
3,637,45.23
3,638,45.27
3,639,45.31
3,640,45.35
3,641,45.39
3,642,45.43
3,643,45.47
3,644,45.5
3,645,45.53
3,646,45.54
3,647,45.55
3,648,45.55
3,649,45.56
3,650,45.57
3,651,45.57
3,652,45.57
3,653,45.57
3,654,45.58
3,655,45.59
3,656,45.6
3,657,45.6
3,658,45.6
3,659,45.6
3,660,45.57
3,661,45.54
3,662,45.51
3,663,45.48
3,664,45.45
3,665,45.43
3,666,45.42
3,667,45.43
3,668,45.44
3,669,45.45
3,670,45.5
3,671,45.56
3,672,45.64
3,673,45.71
3,674,45.79
3,675,45.87
3,676,45.94
3,677,46.0
3,678,46.06
3,679,46.1
3,680,46.14
3,681,46.16
3,682,46.17
3,683,46.21
3,684,46.26
3,685,46.3
3,686,46.34
3,687,46.38
3,688,46.43
3,689,46.49
3,690,46.54
3,691,46.58
3,692,46.63
3,693,46.67
3,694,46.69
3,695,46.74
3,696,46.79
3,697,46.86
3,698,46.94
3,699,47.02
3,700,47.12
3,701,47.22
3,702,47.34
3,703,47.44
3,704,47.53
3,705,47.59
3,706,47.65
3,707,47.68
3,708,47.71
3,709,47.71
3,710,47.71
3,711,47.7
3,712,47.68
3,713,47.63
3,714,47.62
3,715,47.58
3,716,47.54
3,717,47.41
3,718,47.21
3,719,46.95
3,720,46.64
3,721,46.27
3,722,45.91
3,723,45.64
3,724,45.28
3,725,45.0
4,0,15.39
4,1,15.4
4,2,15.4
4,3,15.41
4,4,15.42
4,5,15.43
4,6,15.44
4,7,15.46
4,8,15.48
4,9,15.5
4,10,15.54
4,11,15.58
4,12,15.63
4,13,15.68
4,14,15.73
4,15,15.79
4,16,15.86
4,17,15.92
4,18,15.98
4,19,16.05
4,20,16.11
4,21,16.17
4,22,16.23
4,23,16.29
4,24,16.35
4,25,16.4
4,26,16.44
4,27,16.48
4,28,16.51
4,29,16.54
4,30,16.56
4,31,16.58
4,32,16.59
4,33,16.6
4,34,16.61
4,35,16.61
4,36,16.62
4,37,16.63
4,38,16.63
4,39,16.64
4,40,16.64
4,41,16.65
4,42,16.66
4,43,16.68
4,44,16.7
4,45,16.71
4,46,16.73
4,47,16.75
4,48,16.76
4,49,16.78
4,50,16.8
4,51,16.82
4,52,16.83
4,53,16.84
4,54,16.84
4,55,16.85
4,56,16.86
4,57,16.87
4,58,16.89
4,59,16.9
4,60,16.91
4,61,16.93
4,62,16.95
4,63,16.97
4,64,17.01
4,65,17.05
4,66,17.1
4,67,17.17
4,68,17.24
4,69,17.33
4,70,17.42
4,71,17.52
4,72,17.63
4,73,17.73
4,74,17.84
4,75,17.94
4,76,18.04
4,77,18.13
4,78,18.22
4,79,18.31
4,80,18.4
4,81,18.48
4,82,18.56
4,83,18.64
4,84,18.72
4,85,18.79
4,86,18.86
4,87,18.93
4,88,19.0
4,89,19.06
4,90,19.11
4,91,19.17
4,92,19.23
4,93,19.29
4,94,19.35
4,95,19.41
4,96,19.47
4,97,19.54
4,98,19.62
4,99,19.7
4,100,19.78
4,101,19.87
4,102,19.96
4,103,20.05
4,104,20.14
4,105,20.24
4,106,20.33
4,107,20.42
4,108,20.51
4,109,20.6
4,110,20.68
4,111,20.76
4,112,20.84
4,113,20.92
4,114,21.0
4,115,21.09
4,116,21.18
4,117,21.27
4,118,21.35
4,119,21.44
4,120,21.52
4,121,21.61
4,122,21.7
4,123,21.78
4,124,21.86
4,125,21.94
4,126,22.02
4,127,22.11
4,128,22.2
4,129,22.31
4,130,22.42
4,131,22.54
4,132,22.66
4,133,22.78
4,134,22.91
4,135,23.04
4,136,23.17
4,137,23.3
4,138,23.43
4,139,23.54
4,140,23.66
4,141,23.76
4,142,23.86
4,143,23.95
4,144,24.04
4,145,24.13
4,146,24.21
4,147,24.29
4,148,24.37
4,149,24.46
4,150,24.55
4,151,24.65
4,152,24.74
4,153,24.83
4,154,24.92
4,155,25.01
4,156,25.11
4,157,25.2
4,158,25.3
4,159,25.38
4,160,25.48
4,161,25.57
4,162,25.66
4,163,25.74
4,164,25.82
4,165,25.91
4,166,25.99
4,167,26.07
4,168,26.14
4,169,26.22
4,170,26.29
4,171,26.36
4,172,26.43
4,173,26.51
4,174,26.59
4,175,26.68
4,176,26.77
4,177,26.87
4,178,26.96
4,179,27.05
4,180,27.14
4,181,27.23
4,182,27.32
4,183,27.41
4,184,27.5
4,185,27.59
4,186,27.67
4,187,27.75
4,188,27.82
4,189,27.91
4,190,28.0
4,191,28.1
4,192,28.2
4,193,28.31
4,194,28.41
4,195,28.52
4,196,28.62
4,197,28.72
4,198,28.83
4,199,28.93
4,200,29.03
4,201,29.12
4,202,29.2
4,203,29.27
4,204,29.34
4,205,29.4
4,206,29.45
4,207,29.51
4,208,29.56
4,209,29.61
4,210,29.65
4,211,29.7
4,212,29.74
4,213,29.79
4,214,29.84
4,215,29.89
4,216,29.94
4,217,29.99
4,218,30.03
4,219,30.08
4,220,30.11
4,221,30.15
4,222,30.2
4,223,30.25
4,224,30.31
4,225,30.37
4,226,30.43
4,227,30.49
4,228,30.55
4,229,30.6
4,230,30.66
4,231,30.72
4,232,30.77
4,233,30.81
4,234,30.85
4,235,30.88
4,236,30.91
4,237,30.94
4,238,30.97
4,239,31.0
4,240,31.03
4,241,31.05
4,242,31.08
4,243,31.11
4,244,31.14
4,245,31.18
4,246,31.23
4,247,31.28
4,248,31.35
4,249,31.42
4,250,31.5
4,251,31.58
4,252,31.65
4,253,31.72
4,254,31.79
4,255,31.85
4,256,31.9
4,257,31.94
4,258,31.98
4,259,32.0
4,260,32.03
4,261,32.07
4,262,32.11
4,263,32.14
4,264,32.18
4,265,32.22
4,266,32.27
4,267,32.33
4,268,32.39
4,269,32.46
4,270,32.53
4,271,32.6
4,272,32.66
4,273,32.72
4,274,32.77
4,275,32.82
4,276,32.86
4,277,32.88
4,278,32.91
4,279,32.92
4,280,32.93
4,281,32.94
4,282,32.95
4,283,32.96
4,284,32.98
4,285,33.0
4,286,33.04
4,287,33.08
4,288,33.12
4,289,33.17
4,290,33.22
4,291,33.27
4,292,33.32
4,293,33.38
4,294,33.45
4,295,33.53
4,296,33.59
4,297,33.66
4,298,33.71
4,299,33.77
4,300,33.81
4,301,33.85
4,302,33.88
4,303,33.89
4,304,33.9
4,305,33.89
4,306,33.89
4,307,33.9
4,308,33.92
4,309,33.95
4,310,33.98
4,311,34.02
4,312,34.06
4,313,34.11
4,314,34.16
4,315,34.23
4,316,34.28
4,317,34.34
4,318,34.4
4,319,34.46
4,320,34.51
4,321,34.57
4,322,34.63
4,323,34.68
4,324,34.74
4,325,34.78
4,326,34.82
4,327,34.86
4,328,34.88
4,329,34.91
4,330,34.94
4,331,34.97
4,332,35.0
4,333,35.04
4,334,35.07
4,335,35.11
4,336,35.15
4,337,35.2
4,338,35.25
4,339,35.29
4,340,35.34
4,341,35.38
4,342,35.41
4,343,35.44
4,344,35.47
4,345,35.51
4,346,35.55
4,347,35.58
4,348,35.62
4,349,35.65
4,350,35.69
4,351,35.74
4,352,35.79
4,353,35.84
4,354,35.89
4,355,35.94
4,356,35.98
4,357,36.03
4,358,36.07
4,359,36.11
4,360,36.15
4,361,36.17
4,362,36.19
4,363,36.21
4,364,36.24
4,365,36.26
4,366,36.3
4,367,36.33
4,368,36.36
4,369,36.41
4,370,36.46
4,371,36.52
4,372,36.58
4,373,36.64
4,374,36.69
4,375,36.74
4,376,36.78
4,377,36.81
4,378,36.84
4,379,36.85
4,380,36.86
4,381,36.89
4,382,36.91
4,383,36.94
4,384,36.97
4,385,37.0
4,386,37.04
4,387,37.09
4,388,37.13
4,389,37.19
4,390,37.25
4,391,37.31
4,392,37.36
4,393,37.41
4,394,37.46
4,395,37.5
4,396,37.53
4,397,37.58
4,398,37.63
4,399,37.67
4,400,37.71
4,401,37.74
4,402,37.77
4,403,37.81
4,404,37.84
4,405,37.87
4,406,37.9
4,407,37.93
4,408,37.96
4,409,37.99
4,410,38.03
4,411,38.06
4,412,38.09
4,413,38.11
4,414,38.15
4,415,38.18
4,416,38.21
4,417,38.24
4,418,38.26
4,419,38.29
4,420,38.31
4,421,38.33
4,422,38.35
4,423,38.38
4,424,38.4
4,425,38.44
4,426,38.48
4,427,38.53
4,428,38.58
4,429,38.63
4,430,38.68
4,431,38.74
4,432,38.8
4,433,38.84
4,434,38.89
4,435,38.93
4,436,38.97
4,437,39.02
4,438,39.06
4,439,39.1
4,440,39.14
4,441,39.19
4,442,39.24
4,443,39.29
4,444,39.34
4,445,39.38
4,446,39.41
4,447,39.44
4,448,39.46
4,449,39.48
4,450,39.5
4,451,39.53
4,452,39.56
4,453,39.6
4,454,39.64
4,455,39.69
4,456,39.75
4,457,39.79
4,458,39.83
4,459,39.87
4,460,39.91
4,461,39.94
4,462,39.97
4,463,39.99
4,464,40.0
4,465,40.01
4,466,40.03
4,467,40.06
4,468,40.1
4,469,40.15
4,470,40.2
4,471,40.24
4,472,40.29
4,473,40.33
4,474,40.38
4,475,40.42
4,476,40.45
4,477,40.49
4,478,40.51
4,479,40.53
4,480,40.54
4,481,40.56
4,482,40.58
4,483,40.6
4,484,40.63
4,485,40.68
4,486,40.73
4,487,40.79
4,488,40.85
4,489,40.92
4,490,40.99
4,491,41.05
4,492,41.09
4,493,41.13
4,494,41.17
4,495,41.19
4,496,41.21
4,497,41.23
4,498,41.24
4,499,41.26
4,500,41.27
4,501,41.3
4,502,41.33
4,503,41.37
4,504,41.41
4,505,41.46
4,506,41.49
4,507,41.52
4,508,41.54
4,509,41.57
4,510,41.58
4,511,41.6
4,512,41.61
4,513,41.64
4,514,41.66
4,515,41.68
4,516,41.71
4,517,41.74
4,518,41.77
4,519,41.81
4,520,41.84
4,521,41.88
4,522,41.91
4,523,41.94
4,524,41.97
4,525,42.0
4,526,42.03
4,527,42.07
4,528,42.12
4,529,42.17
4,530,42.23
4,531,42.3
4,532,42.37
4,533,42.45
4,534,42.52
4,535,42.59
4,536,42.65
4,537,42.7
4,538,42.76
4,539,42.82
4,540,42.85
4,541,42.88
4,542,42.9
4,543,42.92
4,544,42.95
4,545,42.98
4,546,43.02
4,547,43.05
4,548,43.07
4,549,43.11
4,550,43.15
4,551,43.19
4,552,43.23
4,553,43.27
4,554,43.3
4,555,43.33
4,556,43.35
4,557,43.38
4,558,43.41
4,559,43.44
4,560,43.47
4,561,43.51
4,562,43.56
4,563,43.61
4,564,43.66
4,565,43.71
4,566,43.76
4,567,43.82
4,568,43.87
4,569,43.91
4,570,43.93
4,571,43.96
4,572,43.99
4,573,44.03
4,574,44.07
4,575,44.1
4,576,44.14
4,577,44.18
4,578,44.22
4,579,44.26
4,580,44.31
4,581,44.35
4,582,44.39
4,583,44.41
4,584,44.43
4,585,44.45
4,586,44.47
4,587,44.49
4,588,44.51
4,589,44.54
4,590,44.57
4,591,44.61
4,592,44.65
4,593,44.7
4,594,44.76
4,595,44.82
4,596,44.88
4,597,44.94
4,598,44.98
4,599,45.03
4,600,45.09
4,601,45.13
4,602,45.15
4,603,45.17
4,604,45.19
4,605,45.21
4,606,45.24
4,607,45.26
4,608,45.29
4,609,45.32
4,610,45.34
4,611,45.37
4,612,45.4
4,613,45.45
4,614,45.49
4,615,45.54
4,616,45.59
4,617,45.62
4,618,45.66
4,619,45.7
4,620,45.74
4,621,45.77
4,622,45.8
4,623,45.83
4,624,45.86
4,625,45.88
4,626,45.9
4,627,45.92
4,628,45.95
4,629,45.99
4,630,46.03
4,631,46.07
4,632,46.11
4,633,46.15
4,634,46.18
4,635,46.22
4,636,46.26
4,637,46.3
4,638,46.32
4,639,46.34
4,640,46.36
4,641,46.37
4,642,46.39
4,643,46.41
4,644,46.45
4,645,46.49
4,646,46.53
4,647,46.57
4,648,46.62
4,649,46.67
4,650,46.72
4,651,46.77
4,652,46.83
4,653,46.87
4,654,46.91
4,655,46.93
4,656,46.96
4,657,46.98
4,658,47.0
4,659,47.01
4,660,47.02
4,661,47.02
4,662,47.03
4,663,47.05
4,664,47.08
4,665,47.11
4,666,47.14
4,667,47.18
4,668,47.22
4,669,47.27
4,670,47.32
4,671,47.38
4,672,47.43
4,673,47.46
4,674,47.5
4,675,47.54
4,676,47.57
4,677,47.58
4,678,47.6
4,679,47.62
4,680,47.63
4,681,47.63
4,682,47.65
4,683,47.66
4,684,47.68
4,685,47.7
4,686,47.73
4,687,47.77
4,688,47.81
4,689,47.85
4,690,47.9
4,691,47.96
4,692,48.02
4,693,48.07
4,694,48.11
4,695,48.16
4,696,48.2
4,697,48.23
4,698,48.25
4,699,48.27
4,700,48.29
4,701,48.32
4,702,48.34
4,703,48.36
4,704,48.39
4,705,48.41
4,706,48.43
4,707,48.46
4,708,48.5
4,709,48.53
4,710,48.57
4,711,48.59
4,712,48.61
4,713,48.63
4,714,48.65
4,715,48.67
4,716,48.68
4,717,48.7
4,718,48.71
4,719,48.72
4,720,48.74
4,721,48.75
4,722,48.77
4,723,48.78
4,724,48.79
4,725,48.8
4,726,48.82
4,727,48.86
4,728,48.89
4,729,48.92
4,730,48.94
4,731,48.96
4,732,48.97
4,733,49.0
4,734,49.02
4,735,49.03
4,736,49.01
4,737,48.98
4,738,48.98
4,739,48.96
4,740,48.94
4,741,48.93
4,742,48.96
4,743,48.97
4,744,48.99
4,745,49.03
4,746,49.09
4,747,49.15
4,748,49.21
4,749,49.28
4,750,49.36
4,751,49.42
4,752,49.47
4,753,49.5
4,754,49.54
4,755,49.57
4,756,49.62
4,757,49.67
4,758,49.71
4,759,49.76
4,760,49.77
4,761,49.8
4,762,49.82
4,763,49.85
4,764,49.88
4,765,49.91
4,766,49.92
4,767,49.91
4,768,49.87
4,769,49.81
4,770,49.76
4,771,49.71
4,772,49.63
4,773,49.57
4,774,49.5
4,775,49.43
4,776,49.37
4,777,49.33
4,778,49.35
4,779,49.38
4,780,49.36
4,781,49.38
4,782,49.45
4,783,49.54
4,784,49.63
4,785,49.83
4,786,50.02
4,787,50.18
4,788,50.27
4,789,50.36
4,790,50.42
4,791,50.45
4,792,50.39
4,793,50.15
4,794,49.88
4,795,49.47
4,796,49.06
4,797,48.62
4,798,47.98
5,0,15.12
5,1,15.12
5,2,15.12
5,3,15.13
5,4,15.14
5,5,15.16
5,6,15.19
5,7,15.21
5,8,15.24
5,9,15.26
5,10,15.3
5,11,15.35
5,12,15.4
5,13,15.46
5,14,15.51
5,15,15.56
5,16,15.61
5,17,15.67
5,18,15.72
5,19,15.77
5,20,15.82
5,21,15.87
5,22,15.91
5,23,15.96
5,24,16.0
5,25,16.04
5,26,16.08
5,27,16.11
5,28,16.14
5,29,16.17
5,30,16.2
5,31,16.23
5,32,16.27
5,33,16.3
5,34,16.33
5,35,16.36
5,36,16.39
5,37,16.42
5,38,16.45
5,39,16.49
5,40,16.52
5,41,16.54
5,42,16.57
5,43,16.6
5,44,16.62
5,45,16.64
5,46,16.66
5,47,16.68
5,48,16.7
5,49,16.72
5,50,16.74
5,51,16.76
5,52,16.78
5,53,16.8
5,54,16.83
5,55,16.86
5,56,16.89
5,57,16.92
5,58,16.94
5,59,16.97
5,60,16.99
5,61,17.01
5,62,17.03
5,63,17.05
5,64,17.08
5,65,17.11
5,66,17.15
5,67,17.2
5,68,17.25
5,69,17.31
5,70,17.37
5,71,17.44
5,72,17.52
5,73,17.6
5,74,17.68
5,75,17.76
5,76,17.84
5,77,17.93
5,78,18.01
5,79,18.1
5,80,18.19
5,81,18.28
5,82,18.37
5,83,18.46
5,84,18.55
5,85,18.63
5,86,18.71
5,87,18.78
5,88,18.85
5,89,18.92
5,90,18.99
5,91,19.06
5,92,19.13
5,93,19.2
5,94,19.28
5,95,19.36
5,96,19.44
5,97,19.52
5,98,19.61
5,99,19.7
5,100,19.79
5,101,19.87
5,102,19.96
5,103,20.04
5,104,20.12
5,105,20.2
5,106,20.28
5,107,20.35
5,108,20.43
5,109,20.5
5,110,20.58
5,111,20.66
5,112,20.75
5,113,20.83
5,114,20.92
5,115,21.02
5,116,21.12
5,117,21.23
5,118,21.33
5,119,21.43
5,120,21.53
5,121,21.63
5,122,21.72
5,123,21.81
5,124,21.89
5,125,21.97
5,126,22.05
5,127,22.13
5,128,22.22
5,129,22.31
5,130,22.41
5,131,22.52
5,132,22.63
5,133,22.74
5,134,22.87
5,135,22.99
5,136,23.11
5,137,23.24
5,138,23.36
5,139,23.48
5,140,23.6
5,141,23.71
5,142,23.82
5,143,23.93
5,144,24.03
5,145,24.14
5,146,24.25
5,147,24.34
5,148,24.44
5,149,24.53
5,150,24.61
5,151,24.71
5,152,24.81
5,153,24.92
5,154,25.02
5,155,25.12
5,156,25.22
5,157,25.32
5,158,25.42
5,159,25.51
5,160,25.61
5,161,25.69
5,162,25.77
5,163,25.84
5,164,25.91
5,165,25.99
5,166,26.06
5,167,26.15
5,168,26.24
5,169,26.33
5,170,26.42
5,171,26.51
5,172,26.6
5,173,26.69
5,174,26.78
5,175,26.86
5,176,26.94
5,177,27.01
5,178,27.07
5,179,27.13
5,180,27.2
5,181,27.27
5,182,27.33
5,183,27.4
5,184,27.47
5,185,27.56
5,186,27.64
5,187,27.73
5,188,27.82
5,189,27.92
5,190,28.01
5,191,28.1
5,192,28.2
5,193,28.3
5,194,28.39
5,195,28.48
5,196,28.57
5,197,28.66
5,198,28.74
5,199,28.82
5,200,28.89
5,201,28.97
5,202,29.03
5,203,29.1
5,204,29.17
5,205,29.23
5,206,29.3
5,207,29.37
5,208,29.44
5,209,29.51
5,210,29.59
5,211,29.66
5,212,29.74
5,213,29.81
5,214,29.89
5,215,29.97
5,216,30.05
5,217,30.12
5,218,30.19
5,219,30.26
5,220,30.32
5,221,30.39
5,222,30.44
5,223,30.49
5,224,30.53
5,225,30.57
5,226,30.6
5,227,30.64
5,228,30.67
5,229,30.69
5,230,30.72
5,231,30.75
5,232,30.78
5,233,30.81
5,234,30.85
5,235,30.89
5,236,30.94
5,237,30.98
5,238,31.02
5,239,31.06
5,240,31.1
5,241,31.14
5,242,31.16
5,243,31.19
5,244,31.21
5,245,31.24
5,246,31.27
5,247,31.31
5,248,31.35
5,249,31.4
5,250,31.45
5,251,31.51
5,252,31.57
5,253,31.64
5,254,31.71
5,255,31.78
5,256,31.84
5,257,31.89
5,258,31.94
5,259,31.99
5,260,32.05
5,261,32.09
5,262,32.14
5,263,32.18
5,264,32.22
5,265,32.25
5,266,32.28
5,267,32.32
5,268,32.36
5,269,32.4
5,270,32.44
5,271,32.48
5,272,32.53
5,273,32.59
5,274,32.65
5,275,32.71
5,276,32.77
5,277,32.83
5,278,32.88
5,279,32.93
5,280,32.97
5,281,33.01
5,282,33.04
5,283,33.06
5,284,33.08
5,285,33.1
5,286,33.12
5,287,33.16
5,288,33.21
5,289,33.26
5,290,33.31
5,291,33.37
5,292,33.42
5,293,33.49
5,294,33.55
5,295,33.62
5,296,33.69
5,297,33.74
5,298,33.8
5,299,33.84
5,300,33.88
5,301,33.91
5,302,33.95
5,303,33.98
5,304,34.01
5,305,34.04
5,306,34.07
5,307,34.1
5,308,34.13
5,309,34.15
5,310,34.18
5,311,34.21
5,312,34.24
5,313,34.26
5,314,34.29
5,315,34.31
5,316,34.33
5,317,34.35
5,318,34.37
5,319,34.4
5,320,34.45
5,321,34.5
5,322,34.54
5,323,34.58
5,324,34.62
5,325,34.66
5,326,34.71
5,327,34.76
5,328,34.82
5,329,34.86
5,330,34.9
5,331,34.93
5,332,34.97
5,333,35.02
5,334,35.06
5,335,35.1
5,336,35.14
5,337,35.19
5,338,35.23
5,339,35.27
5,340,35.31
5,341,35.35
5,342,35.39
5,343,35.43
5,344,35.47
5,345,35.52
5,346,35.56
5,347,35.6
5,348,35.63
5,349,35.66
5,350,35.69
5,351,35.73
5,352,35.76
5,353,35.8
5,354,35.83
5,355,35.85
5,356,35.87
5,357,35.88
5,358,35.9
5,359,35.92
5,360,35.93
5,361,35.95
5,362,35.96
5,363,35.97
5,364,35.99
5,365,36.02
5,366,36.06
5,367,36.1
5,368,36.15
5,369,36.2
5,370,36.26
5,371,36.33
5,372,36.41
5,373,36.49
5,374,36.58
5,375,36.66
5,376,36.73
5,377,36.82
5,378,36.9
5,379,36.97
5,380,37.04
5,381,37.11
5,382,37.17
5,383,37.22
5,384,37.27
5,385,37.31
5,386,37.34
5,387,37.37
5,388,37.39
5,389,37.42
5,390,37.44
5,391,37.46
5,392,37.48
5,393,37.5
5,394,37.52
5,395,37.56
5,396,37.6
5,397,37.64
5,398,37.68
5,399,37.72
5,400,37.76
5,401,37.8
5,402,37.84
5,403,37.88
5,404,37.92
5,405,37.95
5,406,37.99
5,407,38.02
5,408,38.07
5,409,38.12
5,410,38.16
5,411,38.19
5,412,38.22
5,413,38.25
5,414,38.29
5,415,38.34
5,416,38.37
5,417,38.41
5,418,38.43
5,419,38.45
5,420,38.48
5,421,38.52
5,422,38.57
5,423,38.62
5,424,38.65
5,425,38.67
5,426,38.7
5,427,38.73
5,428,38.76
5,429,38.8
5,430,38.85
5,431,38.89
5,432,38.94
5,433,38.99
5,434,39.05
5,435,39.1
5,436,39.16
5,437,39.24
5,438,39.31
5,439,39.37
5,440,39.42
5,441,39.48
5,442,39.52
5,443,39.56
5,444,39.59
5,445,39.62
5,446,39.66
5,447,39.69
5,448,39.72
5,449,39.75
5,450,39.78
5,451,39.8
5,452,39.83
5,453,39.87
5,454,39.9
5,455,39.94
5,456,39.98
5,457,40.03
5,458,40.08
5,459,40.12
5,460,40.16
5,461,40.22
5,462,40.26
5,463,40.3
5,464,40.33
5,465,40.36
5,466,40.37
5,467,40.37
5,468,40.37
5,469,40.38
5,470,40.41
5,471,40.43
5,472,40.46
5,473,40.5
5,474,40.54
5,475,40.6
5,476,40.66
5,477,40.73
5,478,40.79
5,479,40.85
5,480,40.91
5,481,40.97
5,482,41.01
5,483,41.04
5,484,41.08
5,485,41.11
5,486,41.13
5,487,41.16
5,488,41.2
5,489,41.24
5,490,41.29
5,491,41.34
5,492,41.41
5,493,41.48
5,494,41.54
5,495,41.6
5,496,41.65
5,497,41.71
5,498,41.75
5,499,41.78
5,500,41.81
5,501,41.83
5,502,41.85
5,503,41.87
5,504,41.9
5,505,41.93
5,506,41.97
5,507,42.02
5,508,42.07
5,509,42.11
5,510,42.16
5,511,42.21
5,512,42.27
5,513,42.32
5,514,42.36
5,515,42.41
5,516,42.45
5,517,42.49
5,518,42.53
5,519,42.57
5,520,42.61
5,521,42.64
5,522,42.66
5,523,42.68
5,524,42.7
5,525,42.71
5,526,42.72
5,527,42.74
5,528,42.75
5,529,42.77
5,530,42.8
5,531,42.81
5,532,42.82
5,533,42.84
5,534,42.86
5,535,42.89
5,536,42.92
5,537,42.95
5,538,42.99
5,539,43.03
5,540,43.07
5,541,43.11
5,542,43.15
5,543,43.19
5,544,43.23
5,545,43.28
5,546,43.32
5,547,43.36
5,548,43.4
5,549,43.43
5,550,43.47
5,551,43.53
5,552,43.6
5,553,43.67
5,554,43.74
5,555,43.8
5,556,43.85
5,557,43.91
5,558,43.97
5,559,44.02
5,560,44.06
5,561,44.09
5,562,44.12
5,563,44.15
5,564,44.17
5,565,44.2
5,566,44.23
5,567,44.27
5,568,44.3
5,569,44.33
5,570,44.36
5,571,44.4
5,572,44.44
5,573,44.47
5,574,44.5
5,575,44.53
5,576,44.55
5,577,44.58
5,578,44.6
5,579,44.62
5,580,44.65
5,581,44.67
5,582,44.71
5,583,44.74
5,584,44.77
5,585,44.81
5,586,44.85
5,587,44.89
5,588,44.93
5,589,44.97
5,590,45.01
5,591,45.04
5,592,45.07
5,593,45.1
5,594,45.13
5,595,45.16
5,596,45.18
5,597,45.2
5,598,45.24
5,599,45.27
5,600,45.32
5,601,45.37
5,602,45.41
5,603,45.45
5,604,45.51
5,605,45.57
5,606,45.63
5,607,45.69
5,608,45.75
5,609,45.81
5,610,45.86
5,611,45.91
5,612,45.95
5,613,45.99
5,614,46.02
5,615,46.05
5,616,46.07
5,617,46.11
5,618,46.13
5,619,46.16
5,620,46.18
5,621,46.2
5,622,46.24
5,623,46.28
5,624,46.31
5,625,46.35
5,626,46.39
5,627,46.41
5,628,46.45
5,629,46.49
5,630,46.53
5,631,46.58
5,632,46.63
5,633,46.67
5,634,46.71
5,635,46.75
5,636,46.78
5,637,46.83
5,638,46.87
5,639,46.91
5,640,46.95
5,641,46.98
5,642,47.0
5,643,47.04
5,644,47.07
5,645,47.1
5,646,47.13
5,647,47.16
5,648,47.19
5,649,47.22
5,650,47.25
5,651,47.28
5,652,47.3
5,653,47.34
5,654,47.37
5,655,47.4
5,656,47.43
5,657,47.46
5,658,47.48
5,659,47.51
5,660,47.52
5,661,47.55
5,662,47.58
5,663,47.6
5,664,47.63
5,665,47.67
5,666,47.71
5,667,47.77
5,668,47.83
5,669,47.89
5,670,47.96
5,671,48.03
5,672,48.09
5,673,48.15
5,674,48.2
5,675,48.25
5,676,48.31
5,677,48.35
5,678,48.39
5,679,48.42
5,680,48.45
5,681,48.5
5,682,48.53
5,683,48.57
5,684,48.61
5,685,48.64
5,686,48.66
5,687,48.7
5,688,48.75
5,689,48.79
5,690,48.84
5,691,48.88
5,692,48.92
5,693,48.97
5,694,49.01
5,695,49.06
5,696,49.1
5,697,49.13
5,698,49.16
5,699,49.2
5,700,49.23
5,701,49.26
5,702,49.29
5,703,49.32
5,704,49.36
5,705,49.39
5,706,49.43
5,707,49.48
5,708,49.51
5,709,49.54
5,710,49.58
5,711,49.61
5,712,49.64
5,713,49.67
5,714,49.69
5,715,49.72
5,716,49.75
5,717,49.78
5,718,49.82
5,719,49.85
5,720,49.89
5,721,49.93
5,722,49.97
5,723,50.02
5,724,50.06
5,725,50.1
5,726,50.14
5,727,50.17
5,728,50.22
5,729,50.25
5,730,50.3
5,731,50.33
5,732,50.37
5,733,50.41
5,734,50.46
5,735,50.5
5,736,50.54
5,737,50.58
5,738,50.61
5,739,50.65
5,740,50.69
5,741,50.73
5,742,50.76
5,743,50.79
5,744,50.81
5,745,50.84
5,746,50.87
5,747,50.89
5,748,50.91
5,749,50.92
5,750,50.94
5,751,50.97
5,752,51.0
5,753,51.03
5,754,51.07
5,755,51.1
5,756,51.14
5,757,51.17
5,758,51.2
5,759,51.24
5,760,51.27
5,761,51.29
5,762,51.3
5,763,51.31
5,764,51.33
5,765,51.35
5,766,51.38
5,767,51.4
5,768,51.42
5,769,51.44
5,770,51.45
5,771,51.45
5,772,51.46
5,773,51.46
5,774,51.47
5,775,51.47
5,776,51.48
5,777,51.5
5,778,51.51
5,779,51.53
5,780,51.54
5,781,51.57
5,782,51.59
5,783,51.62
5,784,51.65
5,785,51.67
5,786,51.69
5,787,51.72
5,788,51.75
5,789,51.78
5,790,51.82
5,791,51.85
5,792,51.9
5,793,51.93
5,794,51.96
5,795,51.99
5,796,52.02
5,797,52.04
5,798,52.05
5,799,52.04
5,800,52.03
5,801,52.01
5,802,51.98
5,803,51.95
5,804,51.91
5,805,51.88
5,806,51.85
5,807,51.81
5,808,51.79
5,809,51.79
5,810,51.82
5,811,51.85
5,812,51.87
5,813,51.92
5,814,51.97
5,815,52.03
5,816,52.08
5,817,52.13
5,818,52.18
5,819,52.22
5,820,52.23
5,821,52.26
5,822,52.31
5,823,52.33
5,824,52.36
5,825,52.37
5,826,52.38
5,827,52.4
5,828,52.42
5,829,52.45
5,830,52.47
5,831,52.47
5,832,52.48
5,833,52.51
5,834,52.53
5,835,52.54
5,836,52.55
5,837,52.56
5,838,52.55
5,839,52.52
5,840,52.49
5,841,52.44
5,842,52.39
5,843,52.33
5,844,52.29
5,845,52.26
5,846,52.26
5,847,52.26
5,848,52.24
5,849,52.26
5,850,52.26
5,851,52.26
5,852,52.27
5,853,52.27
5,854,52.29
5,855,52.3
5,856,52.3
5,857,52.28
5,858,52.27
5,859,52.3
5,860,52.36
5,861,52.44
5,862,52.53
5,863,52.58
5,864,52.65
5,865,52.75
5,866,52.84
5,867,52.96
5,868,53.08
5,869,53.13
5,870,53.18
5,871,53.22
5,872,53.27
5,873,53.35
5,874,53.39
5,875,53.39
5,876,53.39
5,877,53.39
5,878,53.39
5,879,53.42
5,880,53.47
5,881,53.5
5,882,53.51
5,883,53.48
5,884,53.45
5,885,53.43
5,886,53.41
5,887,53.37
5,888,53.33
5,889,53.28
5,890,53.26
5,891,53.26
5,892,53.22
5,893,53.21
5,894,53.22
5,895,53.23
5,896,53.26
5,897,53.28
5,898,53.27
5,899,53.26
5,900,53.2
5,901,53.15
5,902,53.12
5,903,53.05
5,904,52.99
5,905,52.93
5,906,52.85
5,907,52.78
5,908,52.78
5,909,52.79
5,910,52.8
5,911,52.82
5,912,52.83
5,913,52.87
5,914,52.77
5,915,52.63
5,916,52.53
5,917,52.41
5,918,52.24
5,919,52.05
5,920,51.81
5,921,51.68
5,922,51.52
5,923,51.36
5,924,51.35
5,925,51.31
5,926,51.27
5,927,51.24
5,928,51.23
5,929,51.23
5,930,51.28
5,931,51.23
5,932,51.08
5,933,50.95
5,934,50.84
5,935,50.78
5,936,50.7
5,937,50.64
5,938,50.62
5,939,50.63
5,940,50.66
5,941,50.69
5,942,50.84
5,943,50.96
5,944,51.01
5,945,51.06
5,946,51.11
5,947,51.13
5,948,51.11
5,949,51.05
5,950,51.02
5,951,50.95
5,952,50.9
5,953,50.85
5,954,50.81
5,955,50.73
5,956,50.67
5,957,50.62
5,958,50.99
5,959,51.52
5,960,51.99
5,961,52.57
5,962,53.13
5,963,53.69
5,964,54.29
5,965,54.93
5,966,55.58
5,967,56.22
5,968,56.42
5,969,56.4
5,970,56.42
5,971,56.35
5,972,56.3
5,973,56.25
5,974,56.16
5,975,56.09
5,976,56.05
5,977,55.96
5,978,55.96
5,979,56.09
5,980,56.16
5,981,56.24
5,982,56.22
5,983,56.22
5,984,56.31
5,985,56.42
5,986,56.47
5,987,56.61
5,988,56.66
5,989,56.67
5,990,56.66
5,991,56.67
5,992,56.77
5,993,56.85
5,994,56.91
5,995,56.93
5,996,56.98
5,997,57.03
5,998,57.09
5,999,57.07
5,1000,57.04
5,1001,57.13
5,1002,57.21
5,1003,57.31
5,1004,57.34
5,1005,57.36
5,1006,57.5
5,1007,57.66
5,1008,57.81
5,1009,58.09
5,1010,58.42
5,1011,58.61
5,1012,58.81
5,1013,58.91
5,1014,59.02
5,1015,59.11
5,1016,58.95
5,1017,58.66
5,1018,58.39
5,1019,57.96
5,1020,57.5
5,1021,56.96
5,1022,56.42
5,1023,56.41
5,1024,56.45
5,1025,56.59
5,1026,56.79
5,1027,57.07
5,1028,57.43
5,1029,57.88
5,1030,58.35
5,1031,58.9
5,1032,59.53
5,1033,59.71
5,1034,59.78
5,1035,59.75
5,1036,59.8
5,1037,59.73
5,1038,59.53
5,1039,59.38
5,1040,59.28
5,1041,59.24
5,1042,59.09
5,1043,59.04
5,1044,59.09
5,1045,59.15
5,1046,59.14
5,1047,59.23
5,1048,59.36
5,1049,59.43
5,1050,59.46
5,1051,59.37
5,1052,59.41
5,1053,59.34
5,1054,59.34
5,1055,59.39
5,1056,59.3
5,1057,59.23
5,1058,59.02
5,1059,58.92
5,1060,58.78
5,1061,58.57
5,1062,58.26
5,1063,57.92
5,1064,57.41
5,1065,56.84
5,1066,56.48
5,1067,56.13
5,1068,55.96
5,1069,55.79
5,1070,55.67
5,1071,55.71
5,1072,55.76
5,1073,55.78
5,1074,56.03
5,1075,56.26
5,1076,56.27
5,1077,56.23
5,1078,55.94
5,1079,55.7
5,1080,55.38
